Date,CR_PREM,D4L_CPI,D4L_CPIE,D4L_CPIF,D4L_CPIXFE,D4L_CPI_DEV,D4L_CPI_RW,D4L_CPI_TAR,D4L_GDP,D4L_S,D4L_S_TAR,D4L_WFOOD,D4L_WOIL,DLA_CPI,DLA_CPIE,DLA_CPIF,DLA_CPIXFE,DLA_CPI_RW,DLA_GDP,DLA_GDP_BAR,DLA_RPE_BAR,DLA_RPF_BAR,DLA_RPXFE_BAR,DLA_RWFOOD_BAR,DLA_RWOIL_BAR,DLA_S,DLA_S_TAR,DLA_S_TAR_NEUTRAL,DLA_WFOOD,DLA_WOIL,DLA_Z,DLA_Z_BAR,E_DLA_CPIE,E_DLA_CPIF,E_DLA_CPIXFE,L_CPI,L_CPIE,L_CPIF,L_CPIXFE,L_CPI_RW,L_GDP,L_GDP_BAR,L_GDP_GAP,L_GDP_RW_GAP,L_RPE,L_RPE_BAR,L_RPE_GAP,L_RPF,L_RPF_BAR,L_RPF_GAP,L_RPXFE,L_RPXFE_BAR,L_RPXFE_GAP,L_RWFOOD,L_RWFOOD_BAR,L_RWFOOD_GAP,L_RWOIL,L_RWOIL_BAR,L_RWOIL_GAP,L_S,L_S_TAR,L_WFOOD,L_WOIL,L_Z,L_Z_BAR,L_Z_GAP,MCI,PREM,RMC,RMC_E,RMC_F,RR,RR_BAR,RR_GAP,RR_RW,RR_RW_BAR,RR_RW_GAP,RS,RSNEUTRAL,RS_RF,RS_RW,RS_UIP,b1,b2,b3,b4,b5,a1,a2,a3,a21,a22,a23,a31,a32,e1,g1,g2,g3,h1,h2,f1,f2,f3,rho_SHKN_PREM,rho_RR_RW_BAR,rho_DLA_GDP_BAR,rho_DLA_Z_BAR,rho_L_GDP_RW_GAP,rho_RS_RW,rho_DLA_CPI_RW,rho_D4L_CPI_TAR,rho_RR_BAR,rho_DLA_RPF_BAR,rho_L_RWFOOD_GAP,rho_DLA_RWFOOD_BAR,rho_DLA_RPXFE_BAR,rho_DLA_RWOIL_BAR,rho_L_RWOIL_GAP,rho_PREM,j1,w_CPIF,w_CPIE,ss_D4L_CPI_TAR,ss_RR_BAR,ss_DLA_Z_BAR,ss_DLA_GDP_BAR,ss_DLA_CPI_RW,ss_RR_RW_BAR,ss_DLA_RPF_BAR,ss_DLA_RWFOOD_BAR,ss_DLA_RPXFE_BAR,ss_DLA_RWOIL_BAR,SCALE
2002-01-01 00:00:00,-1.9891104569950068e-14,20.672065948824866,39.15281079355941,22.143000350342334,12.898797587667843,159.14953174010728,1.2244232220556341,9.999999999999991,6.962933899856466,6.583975749554298,39.152810793559446,-4.923564762869944,-27.412701766987084,19.401376279113492,-15.306210384292164,32.17028300759859,14.715717810055816,1.2757100194388824,8.088942307371326,6.355143539791688,-2.036079680990533e-12,2.6696380843642828e-14,3.1515198373636364e-14,4.382225492875363,13.748801407616153,19.724182217732945,-211.0933019270834,1.051278495498843e-13,-11.260797196916885,10.086045684660348,1.5985159580584136,-9.925579846004089,25.787098028777866,-27.41270176698679,29.93501938732738,315.7905153683558,296.48436563039394,338.1897571737461,303.3875765855967,518.2159883964066,808.5935492524751,808.8691617683838,-0.16518279541469855,-0.4441324468037531,-19.306149737961967,-4.022116607526201,-15.28403313043576,22.399241805390375,20.85305090484139,1.546190900549004,-12.40293878275923,-6.652016949804798,-5.750921832954445,-85.13454305913609,-78.74184493545283,-6.392698123683265,-146.54291762810828,-130.73370015248292,-15.80921747562536,-26.266430947649305,-25.374456860142487,433.08144533727074,371.67307076829854,176.15904208040178,176.00032830912937,0.15871377127223824,158.86197857476435,13.363896533329386,875.9793265259932,-3.474764615981181e-13,0.16046583865603395,2.7112673811756043,2.9133057287331794,-0.20203834755769148,0.6794767779444011,-0.5144794441693382,1.193956222113744,23.383333330000028,2.0525127219654734e-13,150.78325865888652,1.9039000000000512,-310.17813672494447,0.7,0.1,0.3,0.5,0.7,0.5,0.15,0.6,0.5,0.25,0.6,0.5,0.2,0.2,0.75,1.5,0.2,0.0,0.2,0.75,0.0,0.0,0.5,0.8,0.8,0.8,0.8,0.8,0.8,0.5,0.8,0.75,0.5,0.5,0.75,0.5,0.5,0.8,0.8,0.32848,0.086388,10.0,5.0,0.0,6.5,2.0,1.0,-4.0,0.0,2.5,5.0,1.0
2002-04-01 00:00:00,-5.370739279113505e-14,13.228978589888452,17.0229279441778,15.67615715523771,4.9278251006721545,-14.513613464738789,1.3090484181581123,9.999999999999886,2.0222355768427196,10.6190047020199,-33.611091898938724,-1.078019404085031,-10.323180820145435,7.7786816418308025,-3.1961370735517463,12.3233879675026,-12.530686442630724,3.132585220696562,8.088942307370196,6.37520074172525,-317.8293710022356,-1.9132896311130427,0.061801037657704054,4.4440511403153655,14.136684925874903,17.803319869331062,-153.0124187070833,10.278344651103822,11.429025513689812,52.35530858823611,13.157223448196078,2.278344651103868,-11.395956059519968,1.4707226176807886,-6.408578675824426,317.7351857788115,295.68533136200773,341.2706041656219,300.25490497493934,518.9991347015809,810.6157848293179,810.4567716473956,0.15901318192204505,-0.6042312168648707,-22.049854416804223,-82.29039440074155,60.24053998392977,23.53541838681116,20.22553615668569,3.3098822301243436,-17.480280803872645,-6.728365196653664,-10.751915607219178,-83.0604329858879,-77.63083215037399,-5.429600835514023,-134.2372367862222,-127.19952892101419,-7.037707865208002,-21.815600980317306,-63.18636296690518,435.93870171569296,384.7618979153588,179.44834794245014,177.74741810571643,1.7009298367356935,-6.564156579210113,26.2100518729809,5.076546086734534,-65.57731801240192,-4.159526664572151,16.128513330491682,27.555896652178017,-11.427383321686417,0.6073515818418351,-0.4768309416862657,1.0841825235281903,22.449999999999868,33.87738332168643,24.635353988083473,1.9163999999999048,-12.4331523843222,,,,,,,,,,,,,,,,,,,,,,,,,,,,,,,,,,,,,,,,,,,,,,,,,,,,
2002-07-01 00:00:00,-3.5305926483398445e-13,18.98843524078969,24.829809121870653,25.162242614295558,8.897545349731956,1.4205444596429526,1.5639893620531913,10.000000000000071,4.261223136816881,13.440391689242453,-61.659497362730875,7.7228282228872125,4.361231198759349,28.807757904793903,94.1959529915347,38.084403735289136,20.292022130163353,2.147268285163424,8.955950239895756,6.287268248102106,31.340916960346703,0.959514619481566,1.1800038584467136,4.506223631082739,14.57234556032303,7.3939258696433185,-108.9234165597016,12.28254491648029,48.454157107857164,20.163085338867315,-19.266563749984225,4.282544916480422,27.188484802942767,18.00926566503864,17.61137012671536,324.937125255014,319.23431960989353,350.7917050994442,305.32791050747977,519.535951772872,812.854772389292,811.9754803993562,0.8792919899368274,-0.831769063677613,-5.702805645120049,-79.68991580988408,73.98711016476908,25.854579844431612,21.576678145125694,4.277901699305251,-19.609214747533333,-6.28435194204523,-13.32486280548754,-71.48371078021299,-76.5042762426033,5.020565462390586,-129.733282522794,-123.55644253093338,-6.176839991860656,-19.967119512906017,-89.82829941484144,448.05224099265905,389.80266925007794,174.63170700494905,179.0558924316635,-4.424185426710355,-8.796042875677314,27.943283476490247,4.087846145470644,-84.58813558333142,-1.8571962022005193,8.914612015041472,30.930883193110198,-22.016271178069005,0.24534397094706661,-0.43843621656455634,0.6837801875117002,24.080000000000545,46.09627117806874,30.342552888374595,1.809333332999908,-2.8149392694528608,,,,,,,,,,,,,,,,,,,,,,,,,,,,,,,,,,,,,,,,,,,,,,,,,,,,
2002-10-01 00:00:00,-3.201040600053072e-13,18.599155139014727,43.47936028589095,20.48769783943252,11.359799553000704,-2.5153376823607383,2.228504478943363,10.000000000000043,5.598304476053885,14.237198063464579,-81.31480330042734,14.5601855759236,27.36354514005083,18.40880473031666,98.22383560985251,-0.6272833526610607,22.96214471441333,2.358454390473633,5.348325356947117,6.456424701500135,50.52227922738297,-5.760295795967717,1.4253448980053507,4.555168963088902,15.038189041297949,12.027364297154165,-76.1960327711316,15.111765437260871,9.618356879057627,26.849740948426223,-4.0229860426743045,7.111765437260966,32.62623126348808,-6.6235649656436255,19.770141565268375,329.5393264375928,343.7902785123584,350.63488426127884,311.0684466860832,520.1255653704904,814.191853728529,813.6622122836798,0.5296414448492298,-1.4853044686792403,14.250952074765458,-56.1767001320295,70.42765220679297,21.095557823686335,17.343476559574622,3.752081264111581,-18.470879751509386,-5.966713730037501,-12.504166021471939,-69.66873515806692,-75.36548400183108,5.69674884376426,-123.61046088330606,-119.79689527060887,-3.813565612697262,-16.960278438618104,-108.08125779509847,450.4568302124236,396.5151044871844,173.62596049428168,182.6230752000067,-8.99711470572626,-3.975717408322536,22.04944975419793,1.7206053932082876,-83.23833252521884,-4.019611697704908,10.39244114954947,27.340990671919077,-16.94854952236982,-0.6792711459432392,-0.3978714320878594,-0.28139971385542,24.54666667000003,41.495216192369604,30.018120690504873,1.5492333329999814,15.62346405706062,,,,,,,,,,,,,,,,,,,,,,,,,,,,,,,,,,,,,,,,,,,,,,,,,,,,
2003-01-01 00:00:00,-5.642245817001051e-13,19.942863408152455,74.51202136041852,16.950366787213948,10.903979548566264,-1.244563215887073,2.932972509888355,9.999999999999968,6.962933899856237,11.184141974191807,-96.47665661918202,13.946094798261704,38.03492616308288,24.77620935564824,108.82443391381864,18.02095879872323,12.89243779231938,4.0935821432185815,5.458517695209844,6.681348040821966,-19.48193750995901,-2.263641963212596,0.8797758924211876,4.603438549989581,15.518773268819645,7.511957860641738,-53.12064094779111,13.48736320153001,-13.717160307561443,52.771569776803446,-13.170669351800818,5.4873632015301546,24.38984418571016,7.38429283073979,13.538780511921388,335.7333787765047,370.99638699081515,355.14012396095933,314.2915561341629,521.1489609062951,815.5564831523316,815.4587048157379,0.09777833659400642,-1.6878304809671256,35.26300821430994,-64.69352522870243,99.95653344301344,19.40674518445507,18.872665266603363,0.5340799178515663,-21.44182264234222,-6.384571317015739,-15.057251325326353,-74.12142077076237,-74.21462436433369,0.09320359357114992,-111.44096397491032,-115.91720195340395,4.476237978493664,-15.082288973458114,-121.11059411817943,447.0275401355327,409.7079969313848,170.3332931563316,183.84232159131267,-13.509028434979603,-0.747620288450091,18.47443330467743,0.6779561580943788,-108.98932389950178,-8.330831520918379,7.506769465097991,22.511038476978666,-15.004269011880929,-1.601105842888369,-0.35328538892317946,-1.247820453965113,25.493333329999896,40.497602341881226,31.534250954138976,1.3318666669999812,26.399096748870978,,,,,,,,,,,,,,,,,,,,,,,,,,,,,,,,,,,,,,,,,,,,,,,,,,,,
2003-04-01 00:00:00,-7.320636543507359e-13,25.411399964095644,84.65090093243762,22.54310220916144,21.519118527226617,1.5179135194922146,1.9860859038536376,10.000000000000124,5.745578940855187,7.889394246966159,-68.61370924174247,9.240387275677122,7.151827170604744,29.652827865631437,37.35938121452831,34.69432965529345,29.929869472013664,-0.6549612034424496,3.2195224713666146,6.346441097884553,8.913954400036175,2.0614735947495357,1.771703835509861,4.665274263894111,16.00456432885635,4.624328960425637,-36.89169583057842,11.209704243365906,-7.393804576637574,-71.17708738165913,-25.68346010865059,3.209704243366025,-44.59244224032247,17.64859111236136,24.75854110230801,343.146585742911,380.3362322944467,363.8137063747837,321.7740235021663,520.9852206054347,816.3613637701733,816.7283580893488,-0.36699431917522174,-1.4850622099561162,37.18964655153392,-79.0380016616975,116.22764821323452,20.667120631871544,23.129762442755684,-2.46264181088424,-21.37256224074521,-5.595360700230102,-15.777201540515016,-75.80613161406187,-73.04830579836015,-2.7578258157019118,-129.07149551946844,-111.91606087118987,-17.155434648278504,-13.926206733351203,-130.87676784422274,445.17908899137285,391.9137250859662,163.9124281291699,182.27105914492154,-18.35863101574897,2.575065737687412,21.833913872791673,-1.2527683816001547,-151.7417138772536,-11.339086740010222,10.890174964550008,24.098674504926223,-13.208499540376424,-0.7502525708535079,-0.3030027625583312,-0.4472498082950471,30.703333330000216,43.9118328703757,33.759542886179105,1.2358333330000124,30.595623893459205,,,,,,,,,,,,,,,,,,,,,,,,,,,,,,,,,,,,,,,,,,,,,,,,,,,,
2003-07-01 00:00:00,-7.81399528512519e-13,21.218500829259806,58.03399805399368,18.534215739365347,17.950947153372272,-8.30852156536799,2.192673616781118,9.999999999999915,3.82741918077091,6.385147198653458,-48.28132800469588,-1.9220734151775374,6.8394250885381505,12.036161365448088,-12.27165852223353,22.0488578561035,6.019336634742539,2.973619136872963,1.283311199559222,6.292804959842003,-34.25968921693534,0.7496407489119731,0.652526181007367,4.740909113786557,16.506752816354204,1.376937676389315,-25.651569534617703,10.232423623605268,3.8043143444275103,18.913477010606385,-7.685604552171743,2.23242362360508,-61.65764543309828,10.46558423244127,8.650567172756716,346.15562608427285,377.2683176638878,369.3259208388101,323.27885766085257,521.7286253896528,816.6821915700631,818.2936053629393,-1.611413792876884,-0.5432168535996804,31.11269157961495,-79.29848202841454,110.41117360802646,23.17029475453651,23.77213670376459,-0.6018419492282858,-22.876768423421304,-6.913690994451302,-15.963077428970013,-75.59845781217139,-71.86307851991349,-3.7353792922580613,-125.08653105103718,-107.7893726671013,-17.29715838393582,-13.581972314253587,-137.38890500166121,446.1301675774815,396.64209433861583,161.99102699112552,183.15398288427855,-21.162955893151967,9.05383712887803,16.70311431959748,-3.0467996613989614,-148.87128788511714,-15.22246145885852,15.187643466820589,18.242925102216557,-3.055281635396191,-1.0637402837809915,-0.24612811626503348,-0.8176121675159933,29.509999999999785,32.565281635396225,32.70913341664733,1.1289333330000453,48.52532619853965,,,,,,,,,,,,,,,,,,,,,,,,,,,,,,,,,,,,,,,,,,,,,,,,,,,,
2003-10-01 00:00:00,-6.62782417615521e-13,20.773239442620806,34.697043252150465,24.213272253456946,13.627114604385154,-6.772863901573034,1.9818831993925718,9.999999999999925,3.531300859877795,4.743515041197935,-34.23957647993242,3.166607960834553,4.871329124499797,16.627759183763246,4.8760164024924455,22.088942703700333,5.666814518461456,1.515292720919258,4.163852073376518,6.447647303027803,-68.49800088004312,0.15857420196939626,0.3937528275816621,4.8234485351277465,16.982450144692834,5.46083566733212,-18.710672960891145,5.906663970999238,29.97308238310438,18.977357092275415,-9.651630795508844,-2.0933360290006986,-45.52948394494675,11.694373546105002,9.41997422421068,350.3125658802134,378.4873217645113,374.84815651473565,324.69556129046816,522.1074485698828,817.7231545884072,819.9772330404933,-2.2540784520863952,-0.09549979386517209,28.174755884298115,-92.28303332213949,120.45778920643647,24.53559063452248,24.512755050788854,0.02283558373350023,-25.61700458974556,-7.819980112344981,-17.79702447740027,-68.4840103966257,-70.65721638613154,2.173205989505808,-120.72101495819868,-103.54376013092812,-17.177254827270495,-12.216763397421033,-142.486724680582,453.6234381732573,401.38643361168425,159.5781192922486,180.7966880150381,-21.21856872278916,11.951119533868358,9.3647506453468,-2.7210647694073486,-158.85361275649615,-12.342550371043917,10.191706622649729,7.508036277701441,2.6836703449479624,-0.8148831993923602,-0.18204554444512142,-0.6328376549472348,21.630000000000017,18.94632965505187,27.295738507664975,1.1670000000000178,45.3587680926728,,,,,,,,,,,,,,,,,,,,,,,,,,,,,,,,,,,,,,,,,,,,,,,,,,,,
2004-01-01 00:00:00,-8.841679825384605e-13,18.87370353443737,11.36023352813286,23.509797457838253,17.84141326551615,-0.7074793769454075,1.8013441484726957,10.000000000000034,3.7855357200645208,4.768213081505319,-24.622606153272756,12.927826101972709,4.7740804536609485,17.178065722908883,15.47719501774893,15.207059616243695,29.749632436843754,3.3714259395389763,6.4754571359545015,6.530826500428521,72.61694157823231,-1.867757179800781,1.54143611941261,4.903554079686794,17.388413417912016,7.610750021873212,-13.737989877889188,3.1322922968363676,25.327712256995067,52.382575093429836,-6.195889761497085,-4.8677077031636165,-38.21830484963513,6.697382412806734,26.471604436999073,354.6070823109418,382.3566205189469,378.64992141879736,332.1329693996788,522.9503050547677,819.342018872396,821.4840495434437,-2.142030671047504,-0.2275564962194292,27.74953820800461,-74.56335094516318,102.31288915317222,24.04283910785625,22.433990518893083,1.6088485889627733,-22.47411291126269,-6.465621745737128,-16.00849116552534,-62.99493881726285,-69.43132786620986,6.436389048947136,-108.46822766972795,-99.19665677645013,-9.271570893277897,-10.314075891951305,-146.58614799671452,459.9553662375049,414.4820773850397,158.02914685187284,176.58304245691707,-18.55389560504321,9.8714907373248,7.497136917372039,-2.3033801784362473,-130.1383556514909,-9.092625355454684,4.681406475342381,3.4923206057361216,1.1890858696061652,-0.6795108154724199,-0.11065014910518366,-0.5688606663671172,16.883333330000013,15.694247460393758,20.864682902042333,1.1218333330000418,28.519974919636304,,,,,,,,,,,,,,,,,,,,,,,,,,,,,,,,,,,,,,,,,,,,,,,,,,,,
2004-04-01 00:00:00,-7.26535271045218e-13,14.823806252334975,1.9144514574946303,17.03974754979153,15.237013661049598,-3.3937717979681423,2.7477660344878325,10.000000000000018,4.792699689075261,3.9441732051298395,-18.29406600356006,18.5253331464886,29.564606168969238,13.453238737223598,-0.42374706802594436,8.81413002311158,19.5122710541484,3.1307263406185823,7.248178347410358,6.80016869434312,13.660943344565851,-2.9926310469430786,1.0690785842494104,4.9866587624377035,17.681699498943647,1.3281694549227048,-10.635114238666345,2.782520537126902,14.996223601436085,27.985015479565156,-8.994342941676678,-5.217479462873124,-36.17352126904913,3.676341628034951,18.854623104602744,357.97039199524687,382.2506837519411,380.85345392457515,337.011037163216,523.7329866399223,821.1540634592485,823.3357012385686,-2.181637779320201,-0.19018761771039533,24.280291756693696,-61.70446088259149,85.98475263928519,22.88306192932813,21.241734803137906,1.6413271261901428,-20.959354832031426,-7.343292224938598,-13.61606260709275,-60.0285645020599,-68.18466317560045,8.15609867354047,-102.25465538498888,-94.7762319017142,-7.478423483274701,-9.982033528221018,-149.90390068063815,463.7044221378624,421.4783312549336,155.78056111645435,173.85150793694888,-18.070946820494154,9.686058940271714,8.184675202557932,-3.0909363529528737,-111.53412294305399,-7.806360275614094,5.2796301365237515,3.9784590764737695,1.301171060049701,-1.4461660344877172,-0.0322325557859349,-1.4139334787017481,16.72333333000002,15.422162269950153,16.950347373575237,1.3016000000000238,36.79541676797528,,,,,,,,,,,,,,,,,,,,,,,,,,,,,,,,,,,,,,,,,,,,,,,,,,,,
2004-07-01 00:00:00,-6.726365455039459e-13,15.383179823720893,7.694557165555441,13.94094885462417,18.970436981747575,-2.030403987810341,2.640067725037003,10.000000000000016,6.261817414745321,3.599938786032311,-14.309974760151123,11.183179636709388,33.347286200933226,14.273655650992424,10.848764310009525,9.65366307543641,20.953029917536643,2.5428258990697152,7.159782102239734,6.812517409601409,27.617960959966965,-2.8429690778281245,1.098673496277332,5.08885355600263,17.839129460554744,8.419931418757187e-13,-8.755730338564977,1.3275835741623556,-25.564299694691147,34.044197138458564,-11.730829751926205,-6.672416425837682,-25.61031044190188,3.893165043600906,19.53745758222848,361.53880590799565,384.96287482944274,383.2668696934345,342.2492946426002,524.3686931146899,822.9440089848085,824.9029514859874,-1.958942501178972,0.03895131735887138,23.424068921447255,-51.84981624271954,75.27388516416784,21.72806378543893,20.86836165178615,0.8597021336527881,-19.289511265395646,-7.693571633954972,-11.59593963144053,-67.0553459005002,-66.9124497865998,-0.14289611390036042,-94.3793125751416,-90.31644953657552,-4.062863038566061,-9.982033528220919,-153.12043030834607,457.3133472141898,429.9893805395485,152.84785367847272,169.32110309663705,-16.473249418163565,8.696931778498994,8.926703273248057,-3.1262894153970033,-95.8099976208963,-11.269085599901958,4.561945343467568,3.6413312046330644,0.9206141388343191,-0.8863677250369302,0.05256107205491741,-0.9389287970919415,16.286666670000226,15.36605253116582,16.932836502681873,1.7536999999999665,34.83349351491659,,,,,,,,,,,,,,,,,,,,,,,,,,,,,,,,,,,,,,,,,,,,,,,,,,,,
2004-10-01 00:00:00,-5.427423386055449e-13,15.422966025566788,9.80065619016684,13.441698838577253,23.361028005618543,0.9583508736949771,3.329099332002725,10.000000000000105,6.823449779117533,2.2347298691984685,-11.452133169022025,1.7994567684393714,42.34097133351321,16.786903991138324,13.30041250093095,20.09194263951643,23.229178613945233,4.271419148781252,6.410381530864852,6.653066986548584,46.89282301853014,-0.6897185998918202,1.246916377366213,5.230528707065596,17.842007244037,-6.966871524127782e-12,-7.215460452761443,0.17960140873694286,-7.5618090899792225,54.95209762258548,-12.51548484236356,-7.820398591262981,-28.364331366686272,11.518843187629422,20.819212860794586,365.735531905781,388.2879779546754,388.2898553533137,348.0565892960866,525.4365479018854,824.5466043675245,826.2955781151902,-1.7489737476649476,0.24520482035202024,22.552446048894566,-45.99236004474882,68.54480609364364,22.55432344753241,23.394532780553362,-0.8402093330211846,-17.67894260969492,-8.03076622025341,-9.648176389441641,-70.01365296019019,-65.60481760983339,-4.408835350356949,-81.70914295669034,-85.85594772556627,4.1468047688758976,-9.98203352822124,-155.74308342261259,455.4228949416952,443.72740494519513,149.71898246788194,164.62347685904402,-14.904494391161682,7.3956726434802835,9.077587838656173,-3.151911449287494,-79.30249571592965,-11.78346174416392,2.850320723981857,2.963469828182372,-0.11314910420080905,-1.0331993320025206,0.14220086253616285,-1.1754001945388222,16.370000000000047,16.483149104200592,17.568218319674287,2.29590000000003,27.893869224411134,,,,,,,,,,,,,,,,,,,,,,,,,,,,,,,,,,,,,,,,,,,,,,,,,,,,
2005-01-01 00:00:00,-6.21210680922052e-13,14.894729661492155,10.076322605848295,11.732235949079332,19.832982601098315,-1.818984492409283,2.990195530157482,10.000000000000066,6.496446248971501,0.6629858538675895,-9.204608061729074,-1.0891126839146836,33.91909646760259,15.06512026661118,16.57986068048033,8.36920805824875,15.637450818761463,2.015810732157678,5.1674430153705675,6.502197863059496,-16.201747992633003,-2.7602320390572608,0.9785632969835785,5.411326975341883,17.68017569179421,1.3237739605490582,-5.957287740518899,0.6943295893106198,13.773434447572521,18.695075629797977,-11.725535573897446,-7.305670410689446,-16.4682353860345,4.073771345701371,15.15027316245287,369.50181197243387,392.4329431247957,390.382157367876,351.96595200077707,525.9405005849248,825.8384651213674,827.7572213470859,-1.9187562257183686,0.675958389491169,22.931131152361672,-38.344892379523465,61.27602353188526,20.88034539544219,21.539275168802593,-0.6589297733604631,-17.535859971657125,-8.859069317720827,-8.676790653936198,-67.07424703133606,-64.2519858659979,-2.8222611653381504,-77.53932673228057,-81.43590380261772,3.8965770703371554,-9.651090038084261,-157.6513411495122,458.86625355358905,448.4011738526444,146.78759857440716,161.9354501871908,-15.147851612784041,8.617604616645949,7.670463318728622,-3.739678118970084,-72.52729807433303,-11.154212293144086,4.147854723964282,2.060497103455244,2.0873576205087603,-0.15259553015728244,0.23457011327793767,-0.3871656434351869,16.45333332999992,14.365975709491192,16.637610593350594,2.837599999999994,33.66727231286361,,,,,,,,,,,,,,,,,,,,,,,,,,,,,,,,,,,,,,,,,,,,,,,,,,,,
2005-04-01 00:00:00,-7.659899230169407e-13,16.650157053151226,14.732230344196797,11.814851827206926,22.83044520464886,2.69488377976083,2.8810322953493523,10.000000000000096,6.060778230371015,0.2207506415212075,-7.6366253835288385,-4.539566026551114,32.16030912683721,20.474948303857353,18.199883885364986,9.144593535622624,31.502121468350587,2.6940734013870116,5.505506273007805,6.228390681172714,26.626871992797433,-2.6825684627972515,1.9054616048566761,5.620226272455774,17.364001815748303,-0.4407713944646865,-4.91684709033262,-0.24182791968565098,1.1944102308917284,20.949866116506115,-18.221646296943536,-8.241827919685655,-21.609085119749988,4.394518517619356,25.95741765267183,374.6205490483989,396.98291409613745,392.66830575178204,359.8414823678645,526.6140189352716,827.2148416896196,828.8011293936094,-1.5862877039893384,0.5963577698805471,22.362365047738788,-37.767101552605084,60.12946660034166,18.047756703383296,20.370778086007885,-2.3230213826245505,-14.779066680534337,-7.205735710931486,-7.573330969602838,-67.44916282396001,-62.84692929788396,-4.602233526076114,-72.97537855350068,-77.09490334868063,4.119524795179996,-9.761282886700036,-159.73776906441853,459.16485611131156,453.63864038177104,142.23218700017387,156.8252332275733,-14.593046227400148,6.978452245478645,7.233932460431027,-3.759658725512605,-70.6029880325633,-10.757870104106665,0.3311458850202266,0.9672876214616173,-0.636141736441639,0.4035010376508235,0.32681749677877664,0.0766835408719374,16.316666669999705,16.952808406441342,18.743458008278957,3.2845333329999593,22.76993368852392,,,,,,,,,,,,,,,,,,,,,,,,,,,,,,,,,,,,,,,,,,,,,,,,,,,,
2005-07-01 00:00:00,-1.1514600666761549e-12,16.423236061495313,15.239721694597792,13.092223917538371,19.771635281302643,-1.927406711547787,3.748427656616702,9.999999999999988,5.419857626890242,0.4410150477541279,-6.171215604711911,4.816121277091682,38.81991563878846,13.365971684376012,12.878729711603949,14.763151436762202,8.717790224151715,6.012407344140236,4.596099688316783,6.2265203485429925,-27.094005404236604,-1.5106261847639744,0.9123778213596402,5.850170945493592,16.90322705857511,0.8810576249420095,-4.254609620835961,0.11678108284084177,11.858449519882583,60.682623186259164,-6.472506715305977,-7.883218917159094,-15.857772086549357,11.240129581983588,9.985744800316604,377.9620419694925,400.20259652403996,396.35909361097305,362.02092992390294,528.1171207713066,828.3638666116989,830.452485266181,-2.0886186544822,0.865794859467876,22.240554554546964,-36.83352131837405,59.07407587292103,18.39705164148044,23.044174942461403,-4.647123300981022,-15.941112045590318,-9.828296126099334,-6.1128159194909175,-65.98765228002456,-61.38438656151056,-4.60326571851408,-59.30782459297076,-72.86909658403684,13.561271991066032,-9.541018480466043,-160.61008563902024,462.1294684912821,468.809296178336,140.61406032134914,155.3011854137768,-14.687125092427921,9.210985292313842,3.6946735800696975,-4.6828948618640664,-60.199928974284234,-9.621407967769299,1.5387936455545201,-2.1960518466467143,3.734845492200999,0.02410567638319333,0.41584970701040475,-0.391744030627292,14.443333329999971,10.708487837799213,15.89939341089333,3.772533333000023,30.75003058078763,,,,,,,,,,,,,,,,,,,,,,,,,,,,,,,,,,,,,,,,,,,,,,,,,,,,
2005-10-01 00:00:00,-1.1035484746323162e-12,14.61656316337036,11.732539972234688,10.085111380305012,17.378997289109996,-2.167899408278025,3.60860326456711,9.999999999999991,5.269490677095684,0.8800936895049016,-5.5227626067651405,7.590954025960287,26.897991626358163,9.560212398641214,-0.7283143885208608,8.063492490581373,13.658626645174358,3.7121215805834575,5.80891373168658,6.12719597281209,12.788988965257865,-2.7015651694597276,1.3676580080209813,6.089655410640359,16.30815023226289,1.7563145669971867,-4.06902391371174,-0.3133411627837521,3.5375219054949163,7.264401572866358,-4.091776251063845,-8.31334116278374,-20.530386295969933,6.555937471640515,13.88623581035873,380.35209506915265,400.0205179269103,398.37496673361846,365.4355865851965,529.0451511664526,829.8160950446205,831.7175070419073,-1.9014119972867307,0.9038172755596267,19.668422857757026,-31.594768985563746,51.26319184332133,18.022871664465647,21.34067955242731,-3.3178078879617154,-14.916508483956571,-9.210631721238078,-5.705876762718459,-66.03130219879662,-59.86197270885047,-6.169329489946147,-58.41975459489981,-68.79205902597111,10.372304431071289,-9.101939838716884,-162.31360819585794,463.013848967656,470.6253965715528,139.59111625858284,151.4644197662616,-11.873303507678779,7.879937090255152,2.571089904189105,-3.607817896356297,-52.7641909199286,-9.595459864712561,0.30560901195264334,-3.5809616608802015,3.886570672832661,0.7282634024328312,0.4986213651572812,0.22964203727561183,12.173333329999974,8.286762657167346,13.50951668119533,4.33686666700004,29.317059080965908,,,,,,,,,,,,,,,,,,,,,,,,,,,,,,,,,,,,,,,,,,,,,,,,,,,,
2006-01-01 00:00:00,-9.460137134829148e-13,12.981419755697718,7.996570972119448,10.691453143319636,15.975481951531423,-2.0233307334426054,3.624380326450804,10.000000000000044,6.190368418937775,0.6586192852851163,-5.394215895044937,4.837024110026853,27.303470281481783,8.524546635918753,1.6359846800204767,10.79457511030882,10.023389468447904,2.0789189796916725,8.850953982739494,6.344867111579985,12.2766155491394,-2.330834052174923,1.2521463066525502,6.327171503599877,15.612674516789266,0.4378763436730928,-4.365416451646762,-0.9077641694093068,2.7577147838351213,20.31699025029525,-6.007751312554703,-8.907764169409248,-15.404006997562432,9.080642525102665,11.551987124958863,382.48323172813207,400.4295140969157,401.0736105111959,367.9414339523085,529.5648809113756,832.0288335403054,833.3430973162729,-1.3142637759673497,1.6056454095181036,17.946282368783123,-25.78044015140725,43.72672252018995,18.590378783063695,21.83850711227565,-3.248128329211941,-14.541797775823893,-9.909477356680036,-4.6323204191437695,-65.86160324776078,-58.2801798329505,-7.581423414810291,-53.860236777249085,-64.88889039677379,11.028653619524713,-8.992470752798674,-164.04340041164465,463.70327766361487,475.7046441341266,138.08917843044557,147.47707862000652,-9.387900189561412,7.188479493271902,2.6050397310181355,-2.6907901737473683,-42.08596909022766,-8.758422675482521,1.039729444859938,-3.949329352124251,4.989058796983858,1.1360196735492318,0.5718422523848524,0.5641774211645503,10.153333330000148,5.1642745330161555,10.022956898883157,4.760400000000024,29.545966554842643,,,,,,,,,,,,,,,,,,,,,,,,,,,,,,,,,,,,,,,,,,,,,,,,,,,,
2006-04-01 00:00:00,-9.585865985045692e-13,9.820278970287875,12.517260275318627,10.273781593623397,11.019843597946142,0.11340346633452736,3.8492195428084353,9.999999999999998,7.607520893041938,1.314367224056256,-5.364516196429366,10.916216226260754,27.87593281534363,7.830385162220324,36.282641098170444,7.473907336839503,11.67956805400867,3.59343026681741,11.17411616942525,6.765958440738987,59.33385711178116,-3.8597598794931556,1.2565342702092375,6.54729590064726,14.84273067323181,2.1822203606135986,-4.338660286550131,-0.8027943990554365,25.511178695830186,23.23971625195766,-2.0547345347902777,-8.802794399055403,9.833649753357776,7.084227633416049,13.025573307183606,384.44082801868734,409.50017437145823,402.94208734540615,370.8613259658108,530.46323847808,834.8223625826616,835.2524584242086,-0.4300958415470366,1.452607890159318,25.05934635277073,-2.516178535164844,27.57552488793647,18.50125932671868,19.629119084644323,-1.127859757925559,-13.579502052876686,-10.141448638030873,-3.4380534148457866,-60.38216614050791,-56.6433558577887,-3.738810282719224,-48.948665280965194,-61.17820772846584,12.229542447500702,-8.446915662644951,-165.60639380298477,470.08107233757215,481.5145731971149,137.57549479674734,143.5603190979249,-5.984824301176648,4.396616698489349,3.6601347028820785,-1.2767658594610225,-21.33080674161202,-5.3295032322010325,0.05867395557215646,-2.749735140230401,2.808409095802282,1.3639471241913554,0.6323656761317639,0.7315814480596673,9.533333333000181,6.7249242371977385,9.07772353125774,5.213166667000053,24.630112366655254,,,,,,,,,,,,,,,,,,,,,,,,,,,,,,,,,,,,,,,,,,,,,,,,,,,,
2006-07-01 00:00:00,-8.85455442428345e-13,11.075509742462188,17.784727761474844,8.31107482281038,14.489418219218527,4.078966862686444,3.28570932278939,9.999999999999986,7.6806662325667245,1.311494207782653,-4.838346350663517,10.949500277599556,13.833323265204642,18.38689477307972,33.94859965622272,6.912324353507803,22.596088709241993,3.758366464063606,4.888681046415934,6.3684376428127765,3.5868929036273034,-4.204295663363789,1.8957675731652377,6.731075043245515,14.025890335639408,0.8695655598467908,-3.499895653186862,-0.44861148481263413,11.991585725237776,4.512184985707373,-13.75896274916662,-8.448611484812611,2.8946327514941537,6.10832658117602,20.497834681106514,389.0375517119556,417.9873242855145,404.6701684337833,376.51034814312135,531.4028300940961,836.0445328442656,836.3958854111775,-0.35135256691174427,1.1320449111405984,28.949772573558565,-3.663960405995697,32.61373297955226,15.632616721827477,17.529653523170374,-1.8970368013428773,-12.527203568834551,-8.777115526935985,-3.7500880418985587,-58.323861325214196,-54.96058709697733,-3.363274228236843,-48.7602106505549,-57.671735144555996,8.911524494001089,-8.229524272683054,-166.8726261802751,473.078968768882,482.6426194435412,134.1357541094568,139.95974016731626,-5.823986057859168,3.4635068791803296,2.424544161552393,-1.0403707465316319,-29.526194543409538,-4.5146751176165685,-2.5539197710699533,-3.6569474715722556,1.103027700501984,2.1475240102107027,0.6773975547252182,1.4701264554855484,9.999999999999972,8.896972299497893,10.31439536043008,5.4332333330000395,15.05910063692328,,,,,,,,,,,,,,,,,,,,,,,,,,,,,,,,,,,,,,,,,,,,,,,,,,,,
2006-10-01 00:00:00,-8.222706633422235e-13,12.788268896119812,15.89259490775826,10.704333232700563,13.527683999016515,-0.2137821172590746,1.9463343279048393,9.999999999999966,7.667521661579716,1.197619104671887,-4.517470837230085,10.790242296263742,1.859213604085193,16.411249013274084,-8.296845803383734,17.636526130141227,9.81168976436476,-1.6453783989546307,5.7563354477378486,6.284152248012595,-68.06796297994198,-1.7561581643418738,1.4757368416596301,6.869161905687848,13.192727360130881,1.30081415455136,-3.330575305460615,-0.1187708110912995,2.900489980152761,-40.63203707161665,-16.755813257675033,-8.118770811091293,-24.546665389846545,14.494100565225981,11.049937522802875,393.1403639652735,415.91311283466825,409.07929996631935,378.9632705842129,530.9914854943573,837.4836167062003,837.931264410297,-0.4476477040965539,1.5443288012446508,22.772748869395325,-22.25193799215513,45.02468686154991,15.938936001045684,20.735691947059895,-4.796755946014495,-14.177093381060992,-10.222508337944708,-3.954585043115958,-57.1873942304377,-53.24329662055538,-3.9440976098823017,-58.50687531871956,-54.37355330452328,-4.13332201419624,-7.904320734045497,-167.93335790151107,473.80409126392,472.4846101756381,129.94680079503894,137.57772943750453,-7.630928642464811,4.997564222243634,1.628434755466446,-1.7391260621978724,-56.78893751820973,-4.246021265438103,-1.7977810464864483,-4.161980848509371,2.364199802022651,3.4221656720951548,0.7046010448969631,2.717564627198116,10.043333329999854,7.6791335279772035,10.087818887971645,5.368500000000038,24.357720368988726,,,,,,,,,,,,,,,,,,,,,,,,,,,,,,,,,,,,,,,,,,,,,,,,,,,,
2007-01-01 00:00:00,-8.877299271570175e-13,12.618379517694477,13.799532556255965,9.260364901164172,15.136819576694414,-0.7828255922034981,2.4023900212247717,10.000000000000027,6.190950020113528,1.4122994111701557,-3.7872878654178006,12.520783397311494,-3.2501848526955834,7.84498912221388,-6.736264725988679,5.0187017841620065,16.45993177915911,3.9031417529716403,2.944667416875487,5.814187684116782,36.431711531595575,-4.2517280053338435,1.8836763737140112,6.953148302403598,12.365520557941087,1.2965975696692915,-2.5220633970447963,0.7485459298788057,9.67987918802311,-0.12060357683187206,-2.645249799575529,-7.251454070121242,-15.457157362585317,5.1926994934240875,16.119190448558825,395.1016112458273,414.2290466531714,410.3339754123601,383.0782535290027,531.9672709326004,838.219783560419,838.8428257046472,-0.6230421442281814,1.2804611652045255,19.12743540734382,-7.480855770417092,26.608291177759916,15.232364166532543,16.870521930402187,-1.6381577638695033,-12.023357716824952,-9.014575090018802,-3.0087826268060267,-55.743209871674665,-51.505009544954476,-4.238200326720194,-59.51281165117081,-51.282173165037996,-8.230638486132843,-7.580171341628196,-168.89096321578512,476.2240610609259,472.4544592814297,129.28548834514564,135.1152901271153,-5.82980178197032,3.831687427146288,-0.05363415783857649,-1.502232948602469,-40.66873144586362,-5.30712346458402,-3.3086662091975914,-5.142239281521606,1.833573072323729,2.9531433117752424,0.71255813241365,2.240585179361493,9.423333333000121,7.589760260676201,10.42328778378231,5.355533332999934,18.680981241739453,,,,,,,,,,,,,,,,,,,,,,,,,,,,,,,,,,,,,,,,,,,,,,,,,,,,
2007-04-01 00:00:00,-9.27630841175376e-13,11.910381482200934,4.595082482106793,9.221050931409023,12.758273350180158,-3.170290276823306,2.630220905131313,9.999999999999993,4.579365763563514,1.0822616458147518,-3.37293499837245,7.396305282081482,-2.7978234048656114,4.998393020241389,-0.5351591984299329,7.316651457818845,2.165383147951238,4.504753802443506,4.727779143224128,5.6904724859090905,-9.507638701226103,-3.8003835646393362,1.1885868066489351,6.973173989368234,11.53393662403472,0.8620692991934416,-2.191817716780107,1.7342228230675554,5.013266234916104,25.04916204327063,0.3684300813868333,-6.2657771769324695,-1.5211094853782363,7.837686213089384,6.113063557732671,396.3512095008886,414.0952568535649,412.1631382768151,383.61959931599125,533.0934593832114,839.4017283462252,840.0913898857737,-0.6896615395485672,1.7574386750339164,17.744047352676194,-0.4396782966402588,18.183725649316276,15.811928775926642,17.407606638536336,-1.5956778626095869,-12.73161018489778,-10.942770355452382,-1.7888398294454482,-55.61608176355702,-49.76171604761243,-5.854365715944601,-54.376709590962726,-48.398689009029304,-5.978020581933395,-7.36465401682975,-169.69074047353274,477.4773776196544,478.7167497922487,129.37759586549325,133.63769970374966,-4.260103838256135,4.704404417789512,0.47659041136573094,-1.4023025272534206,-28.42185006950691,-5.3871396307736745,1.314222948078317,-3.8344820492456853,5.148704997323576,2.7276790948686425,0.7015492809341738,2.0261298139344226,9.410000000000018,4.261295002676168,7.3842570679125465,5.357900000000034,25.526429946967525,,,,,,,,,,,,,,,,,,,,,,,,,,,,,,,,,,,,,,,,,,,,,,,,,,,,
2007-07-01 00:00:00,-5.852328293386187e-13,10.58222055697578,-2.0467945276224286,11.070120468212913,9.76993600095271,0.6598504978580586,2.32164665177611,10.000000000000023,3.8819170772613156,2.3606246378150835,-2.7366606041456802,13.540262002027283,6.279497202385484,13.074251072171485,7.381091617312556,14.308602500722891,10.64273931233197,2.5240694506416776,2.0988863012081502,5.052146495487002,-17.06804092594512,-2.9710848036264266,1.6086961831061823,6.918643465764813,10.677398962196573,5.9830175278473,-1.2070503881278407,2.193942590674043,36.56741260501824,40.82146741471441,-4.567164093684966,-5.806057409325945,1.1677779393450458,12.41414667813344,12.222794983529548,399.6197722689317,415.9405297578923,415.7402889019964,386.2802841440742,533.7244767458718,839.9264499215273,840.5135519835155,-0.5871020619883337,2.180327445462051,16.320757488961174,-8.018373228551043,24.339130717512997,16.1205166330649,17.316530669885978,-1.1960140368212748,-13.33948812485768,-10.41751131687379,-2.9219768079838175,-47.105245974962784,-48.03205518117123,0.9268092062084072,-44.80236009994405,-45.72933926848015,0.926979168536123,-5.8688996348680025,-170.51821501145383,486.6192307709092,488.92211664592793,128.23580484207133,130.94950081412145,-2.71369597204908,3.5660645551169297,0.8679349527146434,-0.26894890281961903,-26.125847521024966,-0.5893644622072663,1.3147774832930996,-3.103655654891707,4.418433138184512,3.123786681224239,0.6732553198541356,2.4505313613700572,9.526666666999766,5.108233528815118,7.634661722994382,5.445433333000033,17.31087260496928,,,,,,,,,,,,,,,,,,,,,,,,,,,,,,,,,,,,,,,,,,,,,,,,,,,,
2007-10-01 00:00:00,-6.312754684634434e-13,11.797991323442828,7.847929741879188,11.808558940256546,12.275734585079496,5.301652407867648,3.9523291112176464,9.999999999999941,4.752396536331896,4.858399985573863,-1.4773796871806852,23.778349130428627,38.7294319173965,21.27433207915152,31.282051274616933,20.590280018318598,19.8348841008719,4.877351438812534,9.238253284019708,5.393084026697492,-5.680721929375487,-2.75739367775875,2.040697196178585,6.77492081730342,9.780962520971668,11.29191554558887,0.3580973677368933,3.145771304062038,43.852838493756195,89.16770178842165,-5.105065094747534,-4.854228695937958,12.585567931657478,16.618778349673242,18.97743670075706,404.9383552887194,423.7610425765467,420.8878589065759,391.23900516929217,534.9438146055751,842.2360132425323,841.8482000777595,0.3878131647726623,2.3236979101548862,18.822687287827417,-13.20420822669901,32.02689551452607,15.949503617856813,16.881807834064066,-0.9323042162073272,-13.69935011942746,-9.494322602954451,-4.205027516472758,-37.36137421122697,-46.33832497684537,8.976950765618435,-23.729772512541686,-43.284098638237246,19.554326125695557,-3.0459207484709037,-170.20410435718168,497.5824403943482,511.2140420930334,126.95953856838432,129.2541789262926,-2.2946403579078214,0.5054841888763034,1.644514068985655,0.9968427622893268,-14.767209746737626,4.723894040259944,-2.8919174582161897,-1.6082454780613271,-1.283671980155128,1.0770042217824578,0.6306234097029615,0.4463808120795346,10.206666670000073,11.490338650155108,11.198944369108322,5.029333332999985,6.160501721578571,,,,,,,,,,,,,,,,,,,,,,,,,,,,,,,,,,,,,,,,,,,,,,,,,,,,
2008-01-01 00:00:00,-6.508076055781752e-13,13.60412128286511,18.372730483000737,14.911610765504959,11.157004665182493,2.247266112984919,4.053906075962423,10.00000000000004,7.611261459604146,5.355610446896331,-0.3701479014752106,31.513534709457836,47.57612380052095,15.069508959898409,35.36293823850159,17.430909085155456,11.985012099571053,4.309449611950124,14.380127109964437,6.637265336234577,11.092643533540517,-3.8544799334801665,1.7633490285302678,6.5443230669997705,8.846944748281237,3.285439414956943,1.122462468439272,4.053759789974572,40.620621504139535,35.26616395566609,-7.474619932989601,-3.9462402100253793,18.844733496555534,14.477406039733332,13.355946064006368,408.7057325286939,432.60177713617287,425.2455861778651,394.23525819418546,536.0211770085626,845.8310450200233,844.5350632563027,1.2959817637208115,1.4561050691435122,23.89604460747904,-3.33801707089722,27.23406167837679,16.539853649171437,15.7185041669109,0.8213494822605791,-14.470474334508825,-9.988591617097217,-4.481882717411496,-28.283581238179657,-44.702244210095415,16.418662971915694,-15.990593926611053,-41.07236245116693,25.081768524555844,-2.224560894731969,-169.38468165682073,507.737595770383,520.0305830819517,125.0908835851373,129.00269254416455,-3.9118089590276424,0.032448483245676896,2.191421648319804,1.0056185615860036,-6.064102112849497,7.529695423865011,-4.234350219123864,-0.3874382265890326,-3.8469119925350643,-0.791339408962214,0.5781322931112007,-1.3694717020733913,10.69999999999995,14.54691199253497,13.206908420991578,3.2625666670000233,10.485209274281196,,,,,,,,,,,,,,,,,,,,,,,,,,,,,,,,,,,,,,,,,,,,,,,,,,,,
2008-04-01 00:00:00,-7.967973183493621e-13,17.165224704096943,25.396190861328865,17.886570786792326,14.04463948057285,3.0633024115553846,4.220263427338725,10.000000000000009,8.3760479480011,10.61137303057982,1.447472116957256,36.92950148942536,59.53753034713835,19.242806705171677,27.55868231488062,19.216491542969198,13.715922409513656,5.1701832079487815,7.786925096812078,6.6368708307420015,-28.118240465745878,-3.8021252863100354,1.9718485186339514,6.2492925917678495,7.924231459439832,21.885119633928003,3.4131314361535785,6.640421386129779,26.677133354787003,72.89478822974303,7.812496136702823,-1.3595786138702204,14.381695394047206,15.495968672623746,15.031625955511197,413.51643420498687,439.49144771489307,430.0497090636078,397.6642387965641,537.31372281055,847.7777762942262,846.2964536405874,1.4813226536388646,1.7920519715983279,25.975013509905747,-11.131755453343816,37.10676896324903,16.533274858620697,15.03409106528505,1.4991837933355223,-15.852195408423324,-9.532200177207336,-6.319995231215871,-22.906843701470002,-43.139921062153455,20.233077360683453,0.940557328836995,-39.091304586306975,40.03186191514395,3.246719013750134,-167.88199278573552,514.40687910908,538.254280139387,127.04400761931267,130.02534656033478,-2.981338941021889,-1.3170607716482228,3.544767187237214,2.2242561082607084,-0.05624598912652991,10.044061837251215,-2.6378164874597165,2.977643996857788,-5.615460484317774,-1.4694300943386913,0.5205397007165242,-1.9899697950551247,13.439999999999944,19.055460484317724,15.142112436558753,2.750833333000017,8.114479811301404,,,,,,,,,,,,,,,,,,,,,,,,,,,,,,,,,,,,,,,,,,,,,,,,,,,,
2008-07-01 00:00:00,-5.371369572658391e-13,18.28649950974689,25.742152564833436,18.98059935925597,19.53139954089788,6.381547815392287,5.119205765209121,9.999999999999924,9.544937534763932,18.53216472820487,4.113223310667252,27.585755233322647,51.73775976139564,17.55935029476108,8.764938431323596,18.684716790578417,32.58977955363117,6.119838802123276,6.774444648260778,6.246815335664157,90.9118596016686,-3.722051956465583,3.03117889122436,5.930876049037378,7.075527075758582,37.66618431834428,7.48362545517535,11.461588297700903,-0.8075724193921054,9.6223850717504,26.22667282570345,3.461588297700892,-6.072794924989488,13.036220223480363,28.230577996357287,417.9062717786773,441.68268232272465,434.7208882612521,405.8116836849718,538.8436825110809,849.4713874562915,847.375693786073,2.095693670218328,1.168556630986382,23.776410544046605,-0.07009905763422619,23.846509601681394,16.814616482574852,13.025376012014313,3.7892404705602427,-12.094588093705822,-6.44673089013585,-5.647857203570016,-24.638696506849108,-41.65720204989411,17.018505543045148,1.8161938962430888,-37.32242281736733,39.13861671361042,12.663265093336687,-165.6225043055252,514.2049860042318,540.659876407324,133.60067582573848,131.63861096277563,1.9620648629642088,-6.62891254928365,11.280793844515488,4.30138502874414,17.254171974896146,9.953075429356524,3.2160516904159313,14.511811926019593,-11.295760235603867,-2.2124390982089057,0.4617474433431364,-2.674186541552235,21.753333330000242,33.049093565604444,21.648538689755892,2.906766666999958,0.34443847916437953,,,,,,,,,,,,,,,,,,,,,,,,,,,,,,,,,,,,,,,,,,,,,,,,,,,,
2008-10-01 00:00:00,-4.376580695517056e-13,16.8874074250401,11.88090970584403,16.398436717440045,20.15989326392733,-0.32787466705491486,1.5832012431342979,10.000000000000014,7.066106909680023,22.437990012202107,6.810646594274632,-14.460662470252698,-39.066931946880025,15.677963740333215,-24.16292016133577,10.261629451054782,22.348858992991868,-9.266666649485899,-0.6770692163182934,5.833650891577112,-21.369782059620164,-3.1471538119495572,2.6699827250190147,5.639656132210203,6.400911252025323,26.9152166815766,9.738039597354081,12.623101488607395,-124.33283232054245,-274.05106504467403,1.9705862917665122,4.623101488607398,-33.048816205114896,3.4658536894920973,19.16732922362648,421.8257627137602,435.6419522823904,437.2862956240164,411.39889843322004,536.5270158487097,849.3021201522124,848.5947607649352,0.707359387277243,-1.100743251649715,13.816189568630252,-4.988081822661489,18.804271391290467,15.460532910255866,13.576334113106268,1.8841987971494585,-10.42686428054076,-6.592883199624886,-3.8339810809155583,-53.40523792461413,-40.24728801684156,-13.15794990777253,-64.3799057025544,-35.722195004361,-28.657710698193366,19.392069263730708,-162.4005177505952,483.1217779240956,472.14711014615534,134.09332239868027,134.94451664543243,-0.8511942467523451,-2.1314215098394467,8.622127032951138,1.6175303660316838,-48.313176336236396,-9.25306201609383,7.610984558100638,12.725021824530717,-5.114037266430465,1.1391654238656213,0.4044136006932187,0.7347518231724885,23.27666666999998,28.390703936430285,25.572674742933906,2.722366666999985,19.87652495750691,,,,,,,,,,,,,,,,,,,,,,,,,,,,,,,,,,,,,,,,,,,,,,,,,,,,
2009-01-01 00:00:00,-6.3214373762029e-13,18.536421577619883,-11.68607743761518,16.670861460285433,22.96157755582518,0.6442649099660827,-0.18440642368556115,10.000000000000087,4.249351417686738,34.65006616299411,10.01391833442807,-22.846254693541503,-60.14609570918594,21.66556557022136,-58.9050103353322,18.520608056536524,23.191749267161693,-2.760981055330521,3.113105141991884,5.8777965182584415,-99.34089385468984,-0.6154966731367637,2.8774222723162,5.41817910514381,5.998230530024252,52.13374401812773,12.826607584272123,14.617860799375613,7.078252610982213,-49.050491093570564,27.707197392574937,6.617860799375563,-56.13912242338526,12.049027574011646,20.053079175905793,427.2421541063141,420.91569969855834,441.91644763815043,417.1968357500107,535.8367705848771,850.0803964377104,850.1095997760058,-0.02920333829543317,-2.6307430627631634,-6.326454407756886,-42.929802142705825,36.60334773494973,14.674293531836312,16.83447626589874,-2.160182734062617,-10.045318356303856,-5.853933882985698,-4.191384473318219,-50.94542950803592,-38.8927432405556,-12.052686267480286,-75.9522832121117,-34.22263737185491,-41.72964584025675,32.425505268262,-158.06465973408632,484.8913410768413,459.88448737276536,141.02012174682335,138.63901655063322,2.3811051961922165,-4.626449529261193,9.89262803163565,2.611473864825954,-75.95188837901196,-4.518520337653399,8.664647694685204,15.536441557016605,-6.871793862331644,1.4244397566857725,0.3495248858803773,1.0749148708054328,23.496666670000018,30.36846053233166,26.860162084411385,1.2400333329999704,12.206100545904214,,,,,,,,,,,,,,,,,,,,,,,,,,,,,,,,,,,,,,,,,,,,,,,,,,,,
2009-04-01 00:00:00,-6.769070568438525e-13,18.51533622156721,-20.705625088710107,16.037187889545045,26.2667535541346,2.3621574820030116,-0.946760908905064,9.999999999999975,4.373990574169967,35.48339473429868,12.587201249059612,-21.680840295465913,-69.54896907537042,19.158465280963867,-8.519508289497296,16.681797260006427,26.936626402751813,2.1207652670699155,8.2854817227423,6.468986840339529,3.8215211997520484,-1.9372601621889274,2.82481205242202,5.233550093069121,5.795840633010086,25.218433919149923,14.501544442238991,14.748402201947227,31.338790947092317,35.283294765002466,8.180733905260963,6.748402201947243,-19.791391709913846,11.204586565689837,22.388115139378424,432.03177042655534,418.78582262618386,446.0868969531527,423.93099235069866,536.3669619016448,852.1517668683961,852.1488451461894,0.002921722206794207,-2.9091037353922324,-13.24594780037184,-40.344410039095905,27.09846223872337,14.055126526597462,15.83254683214241,-1.777420305544968,-8.100778075856812,-5.097806209827781,-3.002971866028878,-43.64092308803035,-37.58435571728833,-6.056567370741975,-67.661650837629,-32.77367721360239,-34.887973624026635,38.730113748049405,-153.50545689889634,492.7260388136146,468.70531106401575,143.06530522313847,141.0496934474151,2.015611775724139,-5.333075728774421,10.52163819412576,2.0091864900247898,-59.97082408702653,-1.356952484801027,7.567635527377186,16.21817520920177,-8.650539681824865,1.7940609089051849,0.29781525351792787,1.4962456553872419,24.193333329999998,32.84387301182481,28.318251017549997,0.8472999999999824,6.773420354753458,,,,,,,,,,,,,,,,,,,,,,,,,,,,,,,,,,,,,,,,,,,,,,,,,,,,
2009-07-01 00:00:00,-6.871767797957767e-13,17.395189047580576,-22.265406874603592,13.116244659337864,21.35448151616433,-2.697182627067537,-1.6200075619448948,10.000000000000082,4.011459741195191,24.562032296868505,13.443701000388526,-22.47050282092667,-61.43260246044774,13.078761598811457,2.5258112877510923,7.000943869748083,12.940691401749246,3.426852189964884,5.324321316361753,6.8251279755589085,-35.82749051989163,-3.441714161888685,2.113575038227013,5.055637380316966,5.689417446381871,-6.019265431374984,13.79299266239347,13.249449356659367,-3.966222521240411,42.087851531441245,-15.671174840217033,5.249449356659314,-0.9201487471530356,4.419940620874241,11.828563184795073,435.30146082625754,419.4172754481212,447.8371329205902,427.1661652011362,537.223674949136,853.4828471974869,854.2472026994852,-0.7643555019982052,-2.7416017864476516,-15.884185378136957,-37.89680156739418,22.01261618925757,12.535672094332291,14.649720879105548,-2.1140487847732077,-8.135295625122115,-6.072166036353969,-2.06312958876793,-45.489191765831826,-36.32044637220909,-9.168745393622743,-57.996401002260356,-31.35132285200694,-26.64507815025344,37.22529739020515,-149.86738724403875,491.7344831833042,479.2272739468757,139.14751151308425,142.84736411081144,-3.6998525977275065,0.568355328695886,8.886047264307624,-1.1133025047826597,-52.357546937237906,-6.758471724745214,10.772265014466347,13.335406954800785,-2.563141940334763,2.032607561945208,0.24980020516564708,1.7828073567795844,24.306666669999807,26.869808610334783,26.14963499580913,0.41260000000000724,20.466847353516982,,,,,,,,,,,,,,,,,,,,,,,,,,,,,,,,,,,,,,,,,,,,,,,,,,,,
2009-10-01 00:00:00,-1.4678654321273095e-12,16.379599420172646,-8.567030363226747,11.887714527362267,19.194501511052984,-2.2348582340499052,1.4765434345799255,10.000000000000012,7.133030669437019,15.603170554060675,12.713054463787731,11.70791887466162,19.933203572329607,11.61560523070025,30.63058588417534,5.347508923150184,13.708938972546074,3.1195373366130985,11.809214496650226,7.678453983782229,10.464107539539853,-3.9229997895940985,2.0392870008559694,4.869299548460763,5.591741036079525,-8.920230289657045,11.749974445404835,10.062460611211229,12.380854461808765,51.41215908645384,-17.416298183753867,2.0624606112112405,17.650436100263676,3.2787242560769876,12.262574276216302,438.2053621339321,427.07492191916447,449.1740101513782,430.59339994427285,538.0035592832893,856.4351508216495,856.809713613015,-0.3745627913654202,-1.9571771102091742,-11.130440214768853,-31.475493747220526,20.345053532450386,10.96864801744561,13.23218869424551,-2.263540676800011,-7.611962189660236,-5.878950419587896,-1.7330117700722194,-43.173862484532386,-35.1031214850939,-8.070740999438472,-45.92324556480097,-29.95338759298706,-15.969857971813898,34.99523981779049,-147.56778703359197,494.829696798757,492.0803137184884,134.7934369671466,140.92572833064656,-6.132291363499096,2.6253138133551084,10.4576509536017,-1.9844495121906027,-42.4472028677639,-7.313520128229035,11.431764813632098,12.313428550420527,-0.8816637367888368,-1.2084434345800923,0.20580910784940404,-1.4142525424292858,23.02666666999985,23.908330406788437,24.786442660766863,0.268099999999959,24.14969037746726,,,,,,,,,,,,,,,,,,,,,,,,,,,,,,,,,,,,,,,,,,,,,,,,,,,,
2010-01-01 00:00:00,-9.402612390983137e-13,12.606667895471716,10.01822608553109,7.953310264951714,15.449284521783698,-4.164038259139796,2.3251666470068524,10.000000000000007,10.295753239347059,2.4992375427321782,11.102906831426147,10.260713880448847,38.025054931461234,6.573839471421495,15.436015459696245,2.782991006897007,8.210881310083945,0.6335117943785674,15.763995421631876,8.964725769710583,6.837175744199257,-3.8412960312505118,1.9643299340031914,4.651614734016305,5.436198706727561,-0.2819880271859887,9.028883746546757,6.359641125548892,1.28943263413273,23.316914342952597,-6.222315704234401,-1.6403588744510724,9.967294769934075,2.9287402850685327,8.892500043369264,439.84882200178805,430.9339257840886,449.8697579031021,432.6461202717938,538.161937231884,860.3761496770577,860.4400080701869,-0.0638583931294421,-1.7275906978045426,-8.914896217699503,-28.571659391865296,19.65676317416341,10.020935901314417,12.787489088536626,-2.766553187222271,-7.202701729994403,-5.85368806102603,-1.3490136689682137,-43.00988227459428,-33.94021780158983,-9.069664473004423,-40.252394927658095,-28.59433791630516,-11.658057011352895,34.924742810993614,-145.47478077447136,495.15205495729,497.9095423042261,133.23785804109042,139.15745553719168,-5.919597496101031,4.054397562738428,7.293090258550229,-1.8665485667308934,-37.23441768161838,-7.359168626381698,8.33601599183427,6.14681836245681,2.189197629376861,-2.0688333140068385,0.16601520346718396,-2.2348485174740382,16.216666670000155,14.027469040623348,19.978918347311794,0.2563333330000004,27.68493771197318,,,,,,,,,,,,,,,,,,,,,,,,,,,,,,,,,,,,,,,,,,,,,,,,,,,,
2010-04-01 00:00:00,-8.534507381366388e-13,10.01167099978153,11.973682672255974,5.291656751014382,10.70260887305022,-3.881291584600882,1.7595462352201414,10.000000000000016,9.249072648067987,-3.172679898579127,9.235591553998034,3.120183155595682,27.36297793426644,8.778477698198618,-0.6976819425975385,6.035183204258935,7.949923807818339,-0.14171638007721676,4.098759357627237,8.2883277971937,-27.841610858057848,-2.9719286410792227,2.0112435303888647,4.382406084485064,5.1828658133965195,2.530764153905114,7.145110719026663,4.604503457879816,2.776668047680026,-7.365013223775769,-6.389429924373747,-3.3954965421201857,-0.913478060297038,5.853902489491663,8.939271430745462,442.0434414263374,430.759505298439,451.3785537041671,434.6336012237486,538.1265081368647,861.4008395164644,862.3032023524833,-0.9023628360188765,-0.9931967313086638,-11.283936127898595,-37.40966304000209,26.12572691210326,9.335112277829715,13.118413498145088,-3.783301220315482,-7.4098402025892085,-5.67653812436871,-1.7333020782204729,-42.28028616765489,-32.844616280468564,-9.435669887186343,-42.05821913858277,-27.29862146295603,-14.759597675626736,35.55743384946992,-144.20706891976252,495.84622196921,496.0682889982821,131.640500559997,137.05232175196738,-5.411821191969889,4.915838071878839,4.606241329747939,-2.012825347111366,-46.29714577969996,-6.999459049712065,6.440162151065509,2.0203071992768993,4.419854951788229,-1.323879568220125,0.13046310322471227,-1.4543426714448855,12.706666669999906,8.286811718211563,12.78902398485247,0.4356666670000036,24.9523414097358,,,,,,,,,,,,,,,,,,,,,,,,,,,,,,,,,,,,,,,,,,,,,,,,,,,,
2010-07-01 00:00:00,-8.224626312104944e-13,9.488252950912512,26.70672893781486,5.202013447155057,9.579151375661548,-1.4819564884427474,1.19555151654252,10.000000000000014,9.937301059343815,-1.6678635407351692,7.332296900624624,11.818222047986078,16.598940692469185,10.985089403337597,61.45799634998424,6.642370654311581,8.446861412196087,1.1708733152542168,8.077234961464637,8.050893568038965,22.23985513273503,-4.375626480761983,1.6485305724324788,4.038999438684557,4.8025972135578385,3.268496584496461e-13,5.595334071148387,3.88472132706501,30.82593304832548,-0.9682974357438425,-9.81421608808337,-4.115278672934954,38.128551412387765,6.2320060297743485,9.307689768004513,444.789713777171,446.12400438593556,453.0391463677451,436.74531657679773,538.4192264656782,863.4201482568303,864.2690176020081,-0.8488693451776449,-0.5729516467580542,1.3342906087637845,-20.467758686771376,21.802049295534918,8.24943259057405,10.895282960111588,-2.6458503695376248,-8.044397200373918,-6.310896887355855,-1.73350031301782,-34.86652123438769,-31.834866420797443,-3.0316548135902623,-42.593011826333424,-26.09797215956659,-16.495039666766825,35.5574338494699,-143.27105113984948,503.5527052312907,495.826214639345,129.18694653797692,134.2553769718766,-5.068430433899303,3.694676497430754,5.7697242111561255,-1.8432936554594304,-43.36551939620194,-3.6120886648421893,4.897517492596711,2.576594931633794,2.3209225609626603,-0.8074515165424349,0.09909365882509956,-0.9065451753676447,12.296666670000029,9.975744109037173,11.006173504026457,0.3880999999999242,21.131646865744127,,,,,,,,,,,,,,,,,,,,,,,,,,,,,,,,,,,,,,,,,,,,,,,,,,,,
2010-10-01 00:00:00,-9.06643884627875e-13,8.41856914648352,19.906959003587566,4.729595755908509,9.173261662763556,-2.048258565986041,1.2222834885955955,9.99999999999998,10.174665956226242,3.8027395589240935,5.987461489705916,21.596472227455035,15.7294417598406,7.336870012976774,3.431506147266229,3.457838158163903,12.085380120954497,3.2264652248263888,12.758674084181791,8.29378827333162,17.007837088896935,-4.80690368738764,2.181803340098798,3.597805621896663,4.2584939130224395,12.962182108978322,5.095452277315058,4.849717133266746,51.49385517968267,47.93416335593406,8.85177732082672,-3.15028286673325,4.488547977212129,5.878840717207161,12.659563369130613,446.62393128041543,446.9818809227527,453.9036059072864,439.7666616070364,539.2258427718849,866.6098167778758,866.7812247775084,-0.1714079996325787,-0.22401857376578377,0.35794964233656545,-19.01502474142216,19.372974383759143,7.2796746268707055,8.657509095061277,-1.3778344681905177,-6.857269673379585,-4.770558563830221,-2.086711109549263,-22.799673745673694,-30.935415015323276,8.135741269649571,-31.416087293556053,-25.03334868131098,-6.382738612245119,38.7979793767145,-142.29508540787438,516.4261690262114,507.8097554783289,131.39989086818315,133.01993150067383,-1.620040632490268,0.38022020234997006,7.658287094715884,0.0838233910437557,-27.375753628494365,4.667557863356736,4.350226756072292,5.209826983861778,-0.8596002277897107,-0.9294168215953577,0.07176618253227356,-1.0011830041277263,11.966666670000007,12.82626689778946,11.526661294688967,0.29286666700001024,17.82189137916825,,,,,,,,,,,,,,,,,,,,,,,,,,,,,,,,,,,,,,,,,,,,,,,,,,,,
2011-01-01 00:00:00,-6.79779740454974e-13,8.980319023197872,19.381045803675185,4.932262296548953,10.697748675552042,-0.1068727213009979,2.1256188112971297,10.000000000000034,10.666397620303444,5.755012523200943,4.948801796698073,29.383490165437912,22.92060530740057,8.820838978293205,13.332362660035677,3.5936571694576354,14.30882936123824,4.246853085183151,17.730922077940082,9.190204291890906,28.13649363777165,-5.802837049999466,2.323195651251546,3.051245497087604,3.5093183126236154,7.5271038299230195,4.5310527247495855,4.911626392916953,32.43750438606626,52.08156853318854,2.953117936813774,-3.088373607083036,15.619738783963628,6.29319985567201,14.493623011685347,448.8291410249858,450.31497158776324,454.80202019965157,443.34386894734575,540.287556043181,871.0425472973611,870.1415268784519,0.9010204189086674,-0.9156942767945779,1.4858305627761585,-9.004056035089299,10.489886597865537,5.972879174665285,5.712251852416367,0.26062732224874263,-5.485272077640605,-3.790250806835796,-1.6950212708046302,-15.752010920452962,-30.172603641051385,14.420592720598492,-19.457408431554903,-24.15601910315508,4.698610671600095,40.67975533419427,-141.2317868326096,524.5355451227281,520.8301476116259,132.13817035239046,131.44040399817322,0.6977663542166156,-2.296941091179611,9.44447494578515,1.497727301353939,-5.093509572049214,9.2750472191035,3.1259382850514976,7.022054113192282,-3.8961158281411383,-1.817718811297036,0.048278053073350265,-1.8659968643702203,11.766666670000033,15.662782498141283,12.426019792336488,0.3078999999999799,14.272280288833421,,,,,,,,,,,,,,,,,,,,,,,,,,,,,,,,,,,,,,,,,,,,,,,,,,,,
2011-04-01 00:00:00,-7.257074350745923e-13,8.419548250857641,22.220538366754965,3.4959499148008693,11.07537688350607,-1.591032904746979,3.291347527307436,10.000000000000004,12.623988166717705,5.388279088301016,4.435409785877997,28.347533215862793,34.00668985955548,6.535394608841526,10.6602883097253,0.28993367726600294,9.460436639633091,4.521198483964843,11.929121543283195,9.288938177771564,10.184647890586298,-6.555851133088195,2.204635231056522,2.4196584174313163,2.5391135658305193,1.0638304143074149,4.217244629773021,5.101201157573913,-1.3671597506221111,36.97932498483906,-0.9503657105679701,-2.898798842426069,20.853313055783836,3.52919801004567,11.123333189626399,450.4629896771958,452.9800436651947,454.87450361896805,445.7089781072544,541.4178556641722,874.0248276831821,873.1111734512474,0.9136542319345005,-0.5206912190997635,2.5170539879985636,-0.8408152063851544,3.35786919438355,4.411513941772377,2.964129310991579,1.447384630780741,-4.7540115699418335,-3.445731545121183,-1.3082800248205362,-17.224100479100365,-29.56768903669356,12.34358855759309,-11.342876806336056,-23.521240711697452,12.178363905361435,40.94571293777014,-140.05697234180778,524.193755185072,530.0749788578363,131.9005789247479,131.12492526623004,0.7756536585174415,-1.038686266179889,7.406945899251788,1.3817660124960047,9.59614836949321,7.368576243971832,3.8145697467815163,5.116288620622274,-1.3017188738410341,-3.0280475273074923,0.028381795311182147,-3.056429322618629,10.73999999999991,12.041718873840729,10.728148777513832,0.2632999999999541,14.407885872235575,,,,,,,,,,,,,,,,,,,,,,,,,,,,,,,,,,,,,,,,,,,,,,,,,,,,
2011-07-01 00:00:00,-7.701533777540862e-13,7.7554357377984315,10.274339045129556,2.975398646370024,12.418010961806338,0.19358521772879989,3.64887416550712,9.999999999999979,13.081553078690455,6.445092094479777,4.229796674203454,17.840830354838296,32.89236993683066,8.328639351098786,13.673199063479208,4.5601655805874515,13.81739772539716,2.600979868052213,9.907494609354291,9.041005146061844,33.083044763173646,-5.69762852439105,2.4764748331259896,1.739095864729404,1.3596261993222487,4.22725202471706,4.230393101562398,4.786531628923568,-11.200878395772387,-5.4255771266437005,-1.5004074583359994,-3.213468371076395,18.757343925914988,5.445206694567222,14.099926739719459,452.54514951497026,456.3983434310656,456.01454501411524,449.1633275386039,542.0681006311854,876.5017013355207,875.6489060431716,0.852795292349216,-0.6653961555500936,3.8531939160946562,3.905511363986914,-0.05231744789156301,3.4693954991448903,1.598529935188154,1.8708655639565677,-3.3818219763668176,-2.339284017821021,-1.0425379585457377,-20.67456504505671,-29.132915070511213,8.458350025454536,-13.34951605500957,-23.18133416186688,9.831818106857288,42.00252594394944,-138.97357354516396,521.3935355861287,528.7185845761759,131.5254770601647,129.9665741275743,1.558902932589963,-1.7339260352878647,5.571512366262435,1.5522535318638442,11.443038487338512,5.228950553392501,1.1035882917432347,3.0125374297272876,-1.9089491379843855,-3.3511074985070675,0.011799760325722528,-3.362907258832635,9.433333332999933,11.342282470984427,10.306864772835056,0.29776666700000337,9.350220240929941,,,,,,,,,,,,,,,,,,,,,,,,,,,,,,,,,,,,,,,,,,,,,,,,,,,,
2011-10-01 00:00:00,-9.56056207142158e-13,8.434482579763284,9.175091367234465,4.512295944989519,12.34654519297675,0.151540480246928,3.2898616789129482,9.999999999999998,13.034518150809719,5.092009042726096,4.08245021013966,-2.552507561990801,20.507148828394165,10.053057380825285,-0.9654845643120523,9.605427352643147,11.799517045634849,1.7904152784493115,12.57053437266029,9.05265734472253,-2.2204097404986776,-4.05074779268376,2.4702264018710447,1.0404168103757798,0.001302122862260597,7.5498499019635394,4.2786334716694,5.140703021286819,-30.07949648763391,-1.6067210778109793,-0.7127922004138307,-2.859296978713161,7.000848117755298,8.392718697992304,12.797899608476461,455.0584138601765,456.15697228998835,458.4159018522761,452.1132068000128,542.5157044507978,879.6443349286857,878.4148839333911,1.2294509952947923,0.07682869499003386,1.0985584298114763,-1.3786019728084646,2.4771604026195813,3.3574879920995815,2.2551469278608485,1.1023410642386564,-2.945207060164215,-1.9606532746210834,-0.9845537855430624,-28.642042986577454,-28.87281086791727,0.23076788133975534,-14.19880014407439,-23.18100863115131,8.982208487076996,43.889988419440144,-137.8594804240225,513.8736614642204,528.3169043067235,131.34727901006144,129.21443591063127,2.132843099430606,-2.38783917457921,6.0924725554768315,1.9846293511660351,8.637891183887755,1.2485423480367497,1.1604362833541515,3.8032715330811246,-2.642835249727213,-2.8106950119128267,-0.0017634394253219984,-2.8089315724873476,9.576666666999925,12.219501916727111,9.597434422563522,0.4791666669999485,10.25020632340006,,,,,,,,,,,,,,,,,,,,,,,,,,,,,,,,,,,,,,,,,,,,,,,,,,,,
2012-01-01 00:00:00,-8.405046982372851e-13,8.39264224330165,8.290833464589339,3.885714805127062,12.774548319694459,0.6997188600592997,2.789887185823117,10.000000000000009,10.61338508561175,11.733908448372524,5.52422491727542,-11.947898048173691,12.190718993947264,8.653477632448842,9.795331049454447,1.0873326100091318,16.020841868111543,2.246955112824277,8.046389817149095,8.353263066192754,24.443714243504353,-5.403172599677305,2.7128686098762165,0.34476712943417553,-1.5112791182823826,34.09470145250376,6.811243683274451,8.694834643269028,-5.144057558666672,18.815849195403032,27.688178932883112,0.6948346432690038,16.878854221859847,2.378797871330649,16.049993779250965,457.221783268289,458.60580505235276,458.68773500477835,456.11841726704023,543.077443229004,881.6559323829729,880.4429510783394,1.212981304633423,0.33806829086085305,1.3840217840638676,6.337054688332705,-4.953032904269637,1.4659517364895975,-0.8405867138069948,2.3065384502964164,-1.1033660012489246,-0.5397852303814903,-0.5635807708673864,-30.489796154450787,-28.78661908555873,-1.7031770688919594,-10.056576623430018,-23.5588284107219,13.502251787291822,52.41366378256629,-135.2276707752393,512.5876470745534,533.020866605574,138.26932374328138,131.68866838322066,6.580655360060344,-5.918040574489602,6.11350369846899,3.5854832351511665,25.035940051622944,2.0277564263766945,1.401335057832982,6.656760846749976,-5.255425788917355,-2.2757538528231693,-0.01261056633441932,-2.2631432864885954,11.023333329999982,16.27875911891743,11.171088197273825,0.5141333329999562,3.550227262730644,,,,,,,,,,,,,,,,,,,,,,,,,,,,,,,,,,,,,,,,,,,,,,,,,,,,
2012-04-01 00:00:00,-8.795892536051368e-13,8.846006730634468,7.197990814919372,4.842788120952275,13.08916024172394,-0.3478004201308085,1.8704667287625285,9.99999999999999,9.385611529683526,21.861805443852962,7.6879295536222285,-11.427481001865988,-5.0004130166273475,8.348852558166337,6.288917711045894,4.1182269405684195,10.718884327751407,0.8435166557219964,7.018027319571914,7.526481137341083,-0.7256888097489491,-4.729586982471122,2.4531514459190227,-0.34727625839205656,-3.1556620028938975,41.57541839622692,10.233599488710631,13.717008046270543,0.7145084346101456,-31.785203057452655,34.07008249377979,5.717008046270562,15.083209501395162,5.245530312397054,12.100118052935722,459.3089964078304,460.1780344801152,459.7172917399203,458.79813834897817,543.2883223929347,883.4104392128656,882.0370810323618,1.3733581805035935,0.3844388564459462,0.8690380722847582,7.476053800990167,-6.607015728708345,0.4082953320900479,-1.0901902472743623,1.4984855793640652,-0.5108580588525561,-0.6450915850691441,0.13423352621661305,-30.52204820972886,-28.873438150156755,-1.6486100595721316,-18.213756551725137,-24.347743911445395,6.133987359720276,62.80751838162297,-131.81528772821335,512.7662741832057,525.0745658412096,146.78684436672708,136.0665907586821,10.720253608045475,-9.17161727213449,11.183075709016542,5.058422941033572,23.461256696474297,5.093238053666978,8.112657929166144,15.735638865388808,-7.6229809362229854,-1.4041667287623747,-0.021043280644542164,-1.383123448118069,17.313333329999814,24.936314266222706,14.270499748393393,0.46629999999998145,6.194719159774363,,,,,,,,,,,,,,,,,,,,,,,,,,,,,,,,,,,,,,,,,,,,,,,,,,,,
2012-07-01 00:00:00,-1.1558375245937225e-12,8.966518037440954,4.689893829947616,4.952578648466187,12.579772539371787,-0.6000909460501503,1.6706759202480936,9.999999999999988,7.542287671170604,21.602232907987915,9.544486687220266,-1.6813464155485889,-3.801260358139994,8.810684578319819,3.6408111236021137,4.999327690641552,11.779846915987843,1.8018166339957802,2.534199175302011,6.597872359906488,1.2284859205600114,-4.666248453440637,2.504435253540353,-1.0399712957752272,-4.898090901504221,3.188961881257258,11.95684283413476,14.674035633542294,27.783659949496844,-0.6289664926935572,-3.819906063068732,6.6740356335423,13.186072829923035,5.27623002662817,12.098609382187224,461.51166755241195,461.08823726101514,460.96712366258123,461.7431000779754,543.7387765514337,884.0439890066913,883.0347010479878,1.0092879587033492,0.06607040127410879,-0.42343029139679383,7.937652401506004,-8.361082692903294,-0.5445438898307476,-2.501340409404029,1.9567965195731356,0.23143252556295865,0.0955167135320631,0.13591581203107098,-24.026587380853776,-29.133430974100563,5.1068435932467855,-18.82145233339736,-25.57226663682145,6.7508143034241215,63.604758851937156,-128.81648481287385,519.7121891705799,524.9173242180362,145.83186785095887,138.61232654855678,7.219541302402525,-5.707315156097294,11.678776837165639,3.4390229713703424,22.33143829873072,6.62546820912715,12.795560973214121,16.99064998300546,-4.195089009791624,-1.2467425872480946,-0.02735536099425723,-1.2193872262537435,21.65666667000015,25.85175567979148,19.071317951677663,0.4239333330000397,8.138801107528693,,,,,,,,,,,,,,,,,,,,,,,,,,,,,,,,,,,,,,,,,,,,,,,,,,,,
2012-10-01 00:00:00,-1.0447212444710575e-12,8.78105043033257,9.26693122898907,4.472768107825465,12.512062587759683,-0.18888443203333644,1.8856794120759204,10.000000000000007,4.940142136430477,19.237189264745226,11.315893177397019,7.224096434440282,-0.9584862298324524,9.311186952391289,17.342665031852015,7.6861851900784295,11.528677239185473,2.6504292457595846,2.161952233699526,6.136937583939074,16.065565410366094,-4.212568663740364,2.48395193892971,-1.7374395078641949,-6.723230845713887,-1.9103246710062143,12.815879939449855,13.751883718330678,5.542274912320526,9.764375435416827,-8.571082377639758,5.751883718330716,19.19158890319705,6.253617180483247,11.366358354045264,463.8394642905109,465.4239035189784,462.8886699601013,464.6252693877719,544.4013838628736,884.5844770651162,884.2311513930181,0.3533256720980935,-0.3666698608784166,1.5844392284670519,11.312234345861182,-9.72779511739382,-0.9507943304095999,-3.1356153663877078,2.1848210359780857,0.7858050972605282,0.576117794731356,0.2096873025293092,-23.303625964213246,-29.567790851066604,6.26416488685335,-17.042965785983323,-27.25307434824992,10.210108562266567,63.127177684185746,-125.35585009616331,521.0977578986605,527.3584180768903,143.68909725654837,140.74712577810809,2.941971478440441,-1.9637123746328418,8.583000597815314,1.304909073623192,22.879875158100504,4.354119466428813,12.167226867683995,13.15268013850794,-0.9854532708242129,-1.568679412075751,-0.03182743397220349,-1.5368519781035768,21.659999999999886,22.645453270824035,21.731319528429665,0.316999999999902,9.009924989237454,,,,,,,,,,,,,,,,,,,,,,,,,,,,,,,,,,,,,,,,,,,,,,,,,,,,
2013-01-01 00:00:00,-9.384190630684421e-13,9.608966699526379,6.979225274972443,6.485985272798377,11.772647558375258,-0.2710433117343977,1.7250902698754413,9.999999999999986,4.197481277378565,11.824342568062642,12.42379187701745,4.779931030047132,-7.611540091168306,11.965142709222278,0.6445072333929646,9.14020126989932,13.063181750573012,1.6045985440232824,5.075746380939772,6.111077289957936,-20.290999902444234,-3.279637212311318,2.677666047903654,-2.426913785675779,-8.614204799764355,4.443314665773314,13.08678750011635,12.99503106182426,-14.920719176238054,-7.796366249943972,-5.917229499424543,4.995031061824303,4.533170743088167,6.543314421421282,12.325544957363471,466.83074996781613,465.5850303273265,465.1737202775764,467.8910648254153,544.8025334988795,885.8534136603512,885.6692605351224,0.1841531252288355,-0.1414860973228702,-1.2457196404900492,0.5808051592731074,-1.8265247997621115,-1.6570296902396944,-3.0848338409799867,1.427804150740186,1.0603148575987857,1.592186782280898,-0.5318719246819663,-27.43495539427883,-30.174519297485556,2.7395639032067236,-19.393206984474766,-29.406625548191013,10.013418563716225,64.23800635062923,-122.08684276925968,517.3675781046007,525.4093265144046,142.20978988169227,142.09495284052196,0.11483704117059228,-0.29394901533627454,8.2999069049962,0.36917546147808294,11.954780404649723,0.9296193262738907,11.788147735888547,12.261208725389597,-0.47306098950126024,-1.4334236028754304,-0.034723029066234146,-1.3987005738092333,21.71666667000015,22.189727659501326,21.774834171428456,0.2916666669999925,12.783165324520184,,,,,,,,,,,,,,,,,,,,,,,,,,,,,,,,,,,,,,,,,,,,,,,,,,,,
2013-04-01 00:00:00,-9.036426743670394e-13,10.560138109490886,9.59653074239814,6.487649895609933,13.57560363596628,0.3692357613112689,1.397483010972532,10.000000000000012,4.685470028925727,3.8214542573832126,12.894461679396349,5.075747574156509,-4.135604455853725,12.153538198027789,16.758139580748917,4.124885431815267,17.930708638115657,-0.46691237988965434,8.96998232576113,6.598919968256975,9.98857254445587,-4.268801461833705,2.871592797468116,-3.0927337169929627,-10.545487492250066,9.563865153505363,13.023509321561686,12.261049794235339,1.8977746110475637,-17.881460516197123,-3.0565854244112547,4.261049794235392,12.559413299120564,2.5308860414296523,15.531570586460138,469.8691345173232,469.77456522251316,466.20494163553064,472.37374198494433,544.6858054039071,888.0959092417914,887.6106711308265,0.48523811096497466,-0.4367052136584478,-0.09456929481056191,2.993496935958042,-3.08806623076839,-3.6641928817928298,-5.492175080726454,1.827982198933524,2.504607467620726,3.0748783247296583,-0.57027085710891,-26.843783646544832,-30.947702726733805,4.103919080188983,-23.74684401855096,-32.042997421253524,8.296153402702538,66.62897263900629,-118.80597511314784,517.8420217573625,520.9389613853563,141.44564352558982,142.73181680301923,-1.286173277429213,-0.46543052992068584,9.255517653054838,0.004781898450544987,10.098046356042618,0.7879534066818641,10.411037367556034,12.62807170482548,-2.2170343372697654,-1.1224830109724917,-0.0362857836178029,-1.086197227354674,21.773333330000174,23.99036766726975,22.820214810782062,0.2749999999999646,14.658344260381764,,,,,,,,,,,,,,,,,,,,,,,,,,,,,,,,,,,,,,,,,,,,,,,,,,,,
2013-07-01 00:00:00,-1.149477076616635e-12,11.401482768011522,10.618353201132892,8.03607035540681,14.015492821988284,0.14518846665928664,1.4855969990869247,9.999999999999984,5.9420726231351555,3.74069586948388,12.777513057300213,-3.9525714419460862,4.158019154996003,12.17606321241029,7.728100958541797,11.19300952982901,13.539403660076195,2.1542725864536867,7.560609552139825,6.8682222234665025,-7.803731375023373,-2.515672492124467,2.7191589798861258,-3.7280503920577353,-12.492045376761677,2.865928329659744,12.342253911679878,10.775931876550331,-8.329616114913197,32.54552795070482,-7.155862296298752,2.775931876550381,3.6925213699094774,8.162851915871784,12.390820208353391,472.9131503204258,471.7065904621485,469.0031940179882,475.7585928999637,545.2243735505206,889.9860616298263,889.6243386169219,0.3617230129046004,-0.16874309517645034,-1.206559858277972,-4.452982732186216,3.2464228739080365,-3.909956302437748,-3.861295009234588,-0.04866129320334594,2.845442579537217,3.2974221630150478,-0.4519795834777456,-29.46475582188652,-31.87971532474824,2.4149595028616972,-16.14903017748815,-35.16600876544395,19.01697858795581,67.3454547214209,-115.65546005558012,515.7596177286342,529.0753433730325,139.65667795151518,143.27010077339403,-3.6134228218781668,1.2100580145450062,8.103247660623861,-1.0475434876178846,12.157132892169992,-0.5451920103259555,9.09394873600147,10.287255528788924,-1.1933067927877044,-1.2241969990869168,-0.036737633075513684,-1.1874593660114525,21.006666669999877,22.19997346278749,22.61534873909144,0.26140000000000824,16.189970669890638,,,,,,,,,,,,,,,,,,,,,,,,,,,,,,,,,,,,,,,,,,,,,,,,,,,,
2013-10-01 00:00:00,-1.0916094996445336e-12,12.515171202381591,36.48514313568708,7.457161220637172,14.443535391136551,3.720765269017904,1.2106102881524416,9.999999999999964,6.852938352124129,15.7185583522411,14.600005044193002,-5.6732003356752045,1.0555104796823969,13.765940689871815,120.80982477005858,5.370548651000471,13.240847515778151,1.5504824020209258,5.805415149656031,6.692677001612368,77.08939695715502,-5.442510018592389,2.2396599885512702,-4.322604013169525,-14.43313806979247,46.0011252600234,14.69540914236021,12.799728808262214,-1.3402406625962602,-2.6456592658378213,33.78566697217444,4.799728808262273,70.4606958628254,3.9623403102795796,12.537073499076941,476.3546354928933,501.90904665466513,470.3458311807381,479.0688047789083,545.6119941510261,891.4374154172405,891.450539836316,-0.01312441907562919,0.2900850679978577,25.554411161771565,29.97792298023228,-4.423511818462334,-6.008804312154948,-7.459030724291094,1.4502264121358142,2.7141692860145405,2.8752133459619573,-0.1610440599471915,-30.18743658804116,-32.960366328040635,2.7729297399994253,-17.198065594452643,-38.774293282892046,21.576227688439374,78.84573603642686,-109.79091359709133,515.4245575629848,528.4139285565734,148.10309469455956,147.91656792055844,0.1865267740010676,-1.9601015865001608,3.3432281704382456,0.13115368213380613,26.18626628090247,0.9002882934889928,3.4130569837777696,7.146733382775458,-3.7336763989979547,-0.969276955152439,-0.036277834272926315,-0.9329991208795646,18.439999999999934,22.173676398997873,23.182866512378865,0.24133333299997298,4.64083019330765,,,,,,,,,,,,,,,,,,,,,,,,,,,,,,,,,,,,,,,,,,,,,,,,,,,,
2014-01-01 00:00:00,-1.398586325583843e-12,13.11166937778203,49.682219003965905,6.755337465713932,14.504679806809712,3.0625575761347523,1.444113160669546,9.999999999999996,5.603405625001725,34.00728706215231,17.835933155366888,-1.2574847534981828,-0.551486110518038,14.351135410816731,53.43281070650987,6.332906250205659,13.307759413265327,2.5386100340910214,0.07761547244958056,5.624458523532414,1.3583483194206138,-4.624178830024322,2.6206948757432436,-4.870357181571448,-16.32122312487231,77.59822950541945,19.459938728069517,18.921807397828324,2.7421431524654025,-14.224352610742152,65.78570412869135,10.921807397828305,20.266709316478142,7.22576230902939,13.639109658740786,479.9424193455996,515.2672493312908,471.9290577432906,482.3957446322248,546.2466466595489,891.4568192853528,892.3173835865417,-0.8605643011886422,-0.5293582715661139,35.32482998569146,24.013600591796276,11.311229393894486,-8.0133616023088,-7.742257433047161,-0.27110416926202674,2.4533252866252067,3.97110621017805,-1.5177809235529265,-30.13655330844707,-34.17795562343349,4.0414023149864695,-21.38880625566103,-42.85459906411012,21.465792808449145,98.24529341278253,-102.51442026663742,516.110093351102,524.857840403888,164.54952072673183,156.81089316795013,7.738627558781719,-7.097431414831049,3.1627394119377943,3.186224812220537,17.893190973336857,6.8864547053426355,5.408867376298464,11.865102647177554,-6.456235270879345,-1.2082798276694589,-0.03508268302315062,-1.1731971446462037,20.363333330000177,26.819568600879258,22.349788667798585,0.23583333300002948,-0.9377734547173358,,,,,,,,,,,,,,,,,,,,,,,,,,,,,,,,,,,,,,,,,,,,,,,,,,,,
2014-04-01 00:00:00,-1.2427040712148804e-12,13.850704343428777,58.7655903205365,7.2379727270536725,13.134608250866808,2.687328419483241,2.026071587513637,10.0,4.158455462153912,43.29890068212052,20.86920666137587,0.31310209635803066,4.961763727000147,15.109678060622308,53.09162484701763,6.0554264771756,12.450422414345464,1.8609213274866565,3.1901816743692435,5.055840466561877,-10.70844783322066,-5.454737667681667,2.508633786106334,-5.364377572913036,-18.102359972780352,46.73031963338042,22.66965887554522,21.779424921320206,8.18012201047528,4.171538833869455,33.481562900248676,13.77942492132029,19.03278405773617,7.2135329088476,13.188408270613953,483.7198388607527,528.5401555430487,473.4429143625846,485.5083502358115,546.7118769914207,892.2543647039454,893.1812869637558,-0.9269222598103435,-0.08780489946319352,44.820316682295754,25.869072091996873,18.951244590299332,-10.276924498168377,-9.773642886553116,-0.5032816116156339,1.788511375057949,4.303913325187483,-2.5154019501293905,-28.55675313770046,-35.519050016661744,6.962296878961265,-20.811151879065214,-47.38018905730521,26.569037178240013,109.92787332112718,-94.98890306619732,518.1551238537203,525.9007251123555,172.919911451795,164.6976494886906,8.222261963104478,-7.285628445562137,2.7800506990063676,3.7389122094072627,15.840054551046375,9.041935368284538,7.421289906551842,13.770284834570294,-6.348994928018667,-1.7978715875134907,-0.03330580149268589,-1.7645657860209363,22.70333333000007,29.052328258018257,24.470002232807623,0.22819999999998467,-0.9785025746869831,,,,,,,,,,,,,,,,,,,,,,,,,,,,,,,,,,,,,,,,,,,,,,,,,,,,
2014-07-01 00:00:00,-1.1267790206753301e-12,14.871565675454637,66.43878742146083,5.759781327165607,13.72008006608612,2.304801429391418,1.7456410297776128,10.000000000000016,4.370054370211077,48.87583228634901,22.98769759691622,-3.0049401084620175,-7.863026560096795,16.259508540513306,38.42088936224687,5.2802439302756055,15.881290920952903,1.0325503555096678,8.407005184369321,5.277087996079768,-18.30739837151311,-5.720107040790911,2.644158217917881,-5.794561681407237,-19.722884131495444,25.173654746572264,23.798943281289798,21.433584313182468,-21.601784934190267,-18.753633197678226,9.946696561567467,13.43358431318255,6.402166303854088,5.613387874123985,15.670530437662787,487.7847159958817,538.1453778836105,474.76297534515373,489.47867296604994,546.9700145802981,894.3561160000377,894.5655549814788,-0.20943898144084963,0.586227084169482,50.36066188772791,21.635555819465893,28.725106068260793,-13.021740650728214,-11.886927692185651,-1.134812958542761,1.693956970167532,5.2978294338213425,-3.603872463653623,-34.21533696012593,-36.96769043701355,2.752353476887625,-25.75769776736256,-52.31091009017907,26.553212322816492,116.22128700777047,-87.97113484224242,512.7546776201723,521.2123168129356,175.4065855921863,170.19989067671034,5.206694915476404,-5.2836277770519455,2.788756448291812,3.3985635627871873,3.034801170032424,5.372541217967369,8.14398437504033,13.50454501366687,-5.360560638626832,-1.5113410297774763,-0.031078885171250074,-1.480262144606234,23.530000000000168,28.890560638626827,26.259424067444712,0.23429999999998866,2.315384515237165,,,,,,,,,,,,,,,,,,,,,,,,,,,,,,,,,,,,,,,,,,,,,,,,,,,,
2014-10-01 00:00:00,-1.1637047989454012e-12,15.394289813174922,39.91368244339827,6.497524134847443,16.641823795948714,2.8336805829479914,1.1817829268727267,10.0,4.5764172511234635,37.46934494414063,23.565136854050152,-7.461205904968634,-36.89680981250495,15.856837240755572,14.709404857800292,8.321519881727411,24.927822435229547,-0.704950009598234,6.630866673304897,5.425245650192429,29.61358008570948,-4.851034159200172,3.0225795516042253,-6.143503764856475,-21.116373008072316,0.37517589119116557,22.831558188995277,18.405495301025216,-19.165303848617068,-118.78079227547369,-16.186611359162026,10.40549530102529,-19.54630516514746,5.899829922880372,21.196430057679045,491.7489253060711,541.8227290980624,476.84335531558594,495.71062857485714,546.7937770778987,896.0138326683639,895.752532432124,0.2613002362400609,0.6163107421112075,50.07380379199046,22.65079175666414,27.423012035326746,-14.905569990485214,-13.194861282482048,-1.7107087080034276,3.9617032687855507,7.050041570745837,-3.088338301959935,-38.83042541988139,-38.50356637822768,-0.3268590416537393,-55.27665833383007,-57.59000334219714,2.3133450083670346,116.3150809805681,-82.24034921960582,507.9633516580175,491.5171187440686,171.35993275239522,172.12227827707255,-0.7623455246776184,-1.4824131875831732,2.8907058346503964,1.0871772526569887,-25.872012551635738,0.47742257949914546,7.459417362206344,11.186589262048484,-3.7271718998424657,-0.9454829268726596,-0.02851281342248225,-0.9169701134500675,24.176666670000102,27.9038385698425,27.155493144695853,0.23629999999994525,5.908353288940942,,,,,,,,,,,,,,,,,,,,,,,,,,,,,,,,,,,,,,,,,,,,,,,,,,,,
2015-01-01 00:00:00,-1.0026857529349693e-12,15.520046829816305,31.618416074177794,6.635312195958927,18.53949417106217,2.362071312622959,-0.09084310662880613,9.999999999999982,5.6310626256106024,33.85025856837303,25.543679730734038,-12.239574340806808,-54.801998574572416,14.854163477378375,20.25174522963456,6.88405849465146,20.898440913719703,-2.5518940999153665,4.296196970399765,5.2930414165002055,17.338810259248632,-5.274908828790037,2.7682698330853395,-6.404322939568622,-22.21644357170343,63.12188400234844,25.12207572688362,21.03775360761846,-16.371330590890707,-85.84510765901268,45.715826425054146,13.03775360761848,-15.323084366118334,5.855315465287798,18.306051746976422,495.4624661754156,546.8856654054712,478.5643699392492,500.9352388032872,546.1558035529199,897.0878819109638,897.0474784909516,0.04040342001245254,0.5796087977169248,51.42319923005553,30.78835541764019,20.634843812413113,-16.898096236166555,-14.618338874408078,-2.279757361758669,5.472772627870887,7.239464911109851,-1.7666922832387986,-42.285284542625824,-40.10464711311984,-2.18063742950596,-76.09996172360407,-63.144114235123,-12.955847488481115,132.0955519811551,-73.83323645780364,503.8705190102942,470.0558418293159,182.7888893586588,179.7742367311148,3.014652627544259,-4.232300184272764,2.501091484172076,1.936780016320461,-30.57603867334891,1.8844249038834966,7.455647587959828,12.905595328959894,-5.449947741000519,0.3511764396289961,-0.025699041307236065,0.37687548093619416,24.120000000000193,29.569947741000536,28.026139263266163,0.2603333329998683,5.539611507105599,,,,,,,,,,,,,,,,,,,,,,,,,,,,,,,,,,,,,,,,,,,,,,,,,,,,
2015-04-01 00:00:00,-7.635650493162223e-13,15.673205851026742,18.420327011305744,7.022351441839204,20.657043274408217,2.8152739184515863,0.02533708898831355,9.999999999999975,5.715793175246805,36.7673530926068,27.577092237750055,-22.01773577317305,-54.52279775103751,15.722314145450603,0.2992685955333546,7.60358346069566,20.92061882773007,2.3256421099559343,3.5291038729135904,4.967783562851408,-12.495632535187013,-4.740983438695151,2.869914214994948,-6.577836353147894,-23.01731245986834,58.39869773031367,27.456918762010435,22.979856325016907,-30.932523718994176,5.288342128010248,45.0020256948207,14.979856325016998,-25.457982483994897,7.29263005631246,18.799260458432848,499.3930447117801,546.9604825543532,480.4652658044241,506.1653935102198,546.7372140804091,897.9701578791921,898.0819197261169,-0.11176184692456209,0.6788618939879589,47.56743784257283,24.498904263535753,23.06853357903681,-18.927778907356647,-15.200330683881633,-3.727448223475397,6.772348798438838,8.085646116613747,-1.3132973181748495,-50.59982599986238,-41.7491062014068,-8.850719798455618,-75.3592867190908,-68.89844235009008,-6.460844369000771,146.6952264137345,-64.87748171852925,496.1373880805468,471.3779273613183,194.03939578236367,187.99543229279266,6.043963489570377,-5.817182413216009,1.0272548121838743,2.875847214943542,-23.4854144584647,0.5077104099843706,7.398027331960738,12.988428668820596,-5.590401336860124,0.2540629110117385,-0.022711203377221562,0.2767741143889906,23.659999999999894,29.250401336859646,27.745251992383444,0.2793999999999779,-0.4424122768998924,,,,,,,,,,,,,,,,,,,,,,,,,,,,,,,,,,,,,,,,,,,,,,,,,,,,
2015-07-01 00:00:00,-8.455458555545192e-13,15.991385073774659,11.912630805494125,7.548380400935045,21.89627553886881,1.2940688531943374,0.13849514007928737,10.000000000000103,4.553535948274771,15.285398175381875,25.135512683327523,-17.839607509175124,-73.39274033643065,17.532225431512835,12.39010453901156,7.3843597666596,20.83821997879422,1.4851825598720723,3.7579762764813696,5.247969292169782,-20.81356779013622,-4.692462628426412,2.5571620875826113,-6.669495599167936,-23.551369291288186,-60.754164922329124,22.11675553565354,14.806717785562483,-4.889271878206863,-94.23340353923967,-76.80120779397073,6.806717785562483,-21.11602900695012,4.224521710797193,16.683565493207233,503.77610106965835,550.0580086891055,482.311355746089,511.3749485049185,547.1085097203771,898.9096519483123,899.1021211921459,-0.19246924383344322,0.6246756242530012,46.28190761944646,23.785240780587483,22.4966668388612,-21.464745323569765,-16.874967660583565,-4.589777662986067,7.598847435259542,8.34362278191228,-0.7447753466525959,-52.19343960938129,-43.41648010119878,-8.776959508182447,-99.28893324386962,-74.78628467291215,-24.502648570957472,131.50668518315246,-60.88479981782678,494.915070110996,447.8195764765076,174.839093833871,185.4758578720693,-10.636764038198214,6.933838960423993,-0.672377876905124,-4.072277022918527,-57.63607944801643,-8.971355227569902,7.984303361911927,4.753389479261083,3.2309138826506256,0.17570485992093873,-0.01960687228410052,0.19531173220494963,23.736666669999988,20.505752787349113,25.01895097517825,0.314200000000028,16.047644089553962,,,,,,,,,,,,,,,,,,,,,,,,,,,,,,,,,,,,,,,,,,,,,,,,,,,,
2015-10-01 00:00:00,-7.716936094220078e-13,16.349228846958013,15.32891937304036,7.415784555207411,23.143123422815396,3.730460201532651,0.40387419843502914,10.000000000000004,3.9215891674460566,17.053360104191054,23.37803381298855,-15.555057420207472,-50.53829593515522,17.28821233349255,28.37455912798149,7.791136498815793,29.915213971015373,0.3565662238262606,4.103079549990158,5.492761182046567,57.65765429053961,-4.42549465145186,2.904212422382331,-6.701427477124998,-23.83476617688543,7.447023606426065,19.82216811797068,12.213240261531089,-10.027103492748651,-27.363014670376366,-9.484622503237372,4.213240261531104,-17.52565675399859,3.9949396713436265,22.3940400341254,508.09815415303035,557.1516484711027,484.2591398707935,518.853751997672,547.1976512763338,899.9354218358098,900.2736090116935,-0.33818717588353875,0.2961321262383616,49.05349431807274,34.4524047350799,14.601089582991095,-23.839014282236885,-18.63740311274544,-5.201611169491639,10.755597844641748,9.991212526355595,0.7643853182863304,-54.78935703852477,-45.091836970480024,-9.697520068044678,-106.21882846741917,-80.7449762171335,-25.47385225028568,133.36844108475935,-56.10593160091672,492.4082942378091,440.9788228089146,172.467938208062,184.64193919544863,-12.174000987386163,6.198937465700792,0.7804067663664158,-5.378266827799358,-52.24894282066149,-10.137220801916992,4.358443493431226,4.134569549414794,0.22387394401583813,0.004659134565141401,-0.016429426176939356,0.02108856074196641,22.919999999999867,22.696126055983978,26.67020584766582,0.40853333300007266,14.625069051096249,,,,,,,,,,,,,,,,,,,,,,,,,,,,,,,,,,,,,,,,,,,,,,,,,,,,
2016-01-01 00:00:00,-7.194088822823537e-13,17.390568495478,27.13178606889337,8.349042011808757,21.840422215555613,2.4284475716606915,1.070003302081465,10.000000000000071,3.7323872224645673,2.373529145325683,20.99631953086286,-10.90893011472158,-52.301262581324394,19.019522071468018,67.46321201304342,10.61708832105842,15.687636084682417,0.11262231466957937,3.5393891904728214,5.864814481285207,-2.4814346341569404,-4.439295890235202,1.9618052444925071,-6.695574385789581,-23.928759738087752,4.402560166887838,17.071376314285374,9.843182943975892,2.2131786310602894,-92.8969742436943,-14.50433958990585,1.8431829439759164,5.274835449587627,7.146416556830454,11.706379898835749,512.8530346708973,574.0174514743629,486.9134119510586,522.7756610188432,547.2258068550012,900.8202691334282,901.9281767648572,-1.1079076314290615,-0.04191394262879475,61.16441680346538,45.89109770791229,15.273319095553227,-25.93962271983912,-18.869157161119947,-7.070465558719265,9.922626347944995,8.208354975499915,1.7142713724453524,-54.264217959427235,-46.76573056692742,-7.49848739249982,-129.47122760701,-86.72716615165542,-42.74406145535451,134.46908112648134,-51.467315276001315,492.96158889557415,417.7545792479912,168.8418533105844,184.7381403502027,-15.896287039617034,9.072383669331181,-0.6956392420565849,-7.708967943682984,-73.91366759052474,-10.23774837661002,3.014177423259901,0.765697124214721,2.248480299044747,-0.4452366350812804,-0.013209988909746496,-0.43202664617158004,21.456666670000164,19.208186370955005,25.102584678694736,0.624766667000028,23.576508673722373,,,,,,,,,,,,,,,,,,,,,,,,,,,,,,,,,,,,,,,,,,,,,,,,,,,,
2016-04-01 00:00:00,-8.171241461241152e-13,17.177006299872467,30.850774367174715,8.223730772901801,21.695844850790547,1.5101539903987093,1.0642508808436792,10.000000000000046,3.5761398638818926,-9.933116828307448,18.200825752567013,2.4440432247932855,-31.137506886602058,14.868065363024018,15.175221788660679,7.102338505066513,20.342309368668253,2.302632425005527,2.904114438583194,5.85099565074213,7.759565961406906,-4.427689259248638,2.5000820295414385,-6.6761801253317845,-23.897034605520577,9.172113835779998,14.881087996783453,8.851228843759088,22.479369639067293,89.94336490689916,-3.3933191022365783,0.851228843759074,-24.87501766746616,5.914644014260635,15.245311897022752,516.5700510116541,577.8112569215277,488.6889965773257,527.8612383610102,547.8014649612527,901.5462977430742,903.1069575325778,-1.5606597895035463,-0.23681501195378019,61.24120590987314,43.55286142871744,17.688344481156655,-27.881054434328234,-20.86419495604109,-7.016859478287443,11.291187349355853,9.963559910778145,1.3276274385778692,-49.22003365591198,-48.43477559826037,-0.7852580576516025,-107.56104448653676,-92.70142480303558,-14.859619683501183,136.76210958542697,-48.230245121944975,498.5814313053409,440.240420474716,167.99352353502547,183.54889945604248,-15.555375921016958,8.717801313985579,1.2938900202106112,-7.689597217540289,-48.10334008567375,-6.218528616029843,3.8451303862281634,1.9649036792729062,1.8802267069549856,-0.42118421384355753,-0.009969415945249693,-0.41121479789836035,21.556666669999995,19.676439963044906,23.82540311020075,0.6430666670000562,23.612358696780404,,,,,,,,,,,,,,,,,,,,,,,,,,,,,,,,,,,,,,,,,,,,,,,,,,,,
2016-07-01 00:00:00,-8.633157963249303e-13,15.679186776097756,32.38975999031132,7.8346496029018216,20.356804130848964,0.22528674453950626,1.134804889080638,9.999999999999996,3.532109731711814,6.420289435140164,15.66900830717607,3.28684233449679,-3.840361220447909,11.54094733640855,18.546047031565386,5.828035086658467,15.482057099027546,1.767398592819921,3.581855747799918,5.8692695582665335,14.741706682502993,-4.804463983073563,2.288906343457792,-6.661990914232861,-23.84645093282241,4.65946013146209,12.699757757779253,7.847500751454597,-1.5180754393906357,14.955179125381845,-5.114088612126032,-0.15249924854546637,-17.67760864163321,5.295167370707986,11.613336525244117,519.4552878457566,582.4477686794193,490.1460053489907,531.7317526357672,548.2433146094578,902.441761680024,904.3679246041229,-1.926162924098731,0.08120662979191517,62.99248083366219,52.38699458509198,10.605486248570708,-29.309282496765736,-22.63074819200989,-6.67853430475603,12.276464790010357,10.093063091957946,2.1834016980525335,-50.04140216396468,-50.10027332681859,0.05887116285390235,-104.26409935339606,-98.66303753624116,-5.601061817154906,137.92697461829275,-45.43210607502304,498.2019124454931,443.9792152560618,166.71500138199366,182.35880467425378,-15.64380329225973,9.367108865226434,2.501648321620763,-8.286579750584467,-31.85035135798511,-6.1143038644292576,5.4633430544756605,2.3729286162815564,3.090414438193741,-0.3494048890804996,-0.006720306503018671,-0.3426845825774769,21.569999999999993,18.479585561806072,22.981084601318265,0.7854000000000487,27.864244082845698,,,,,,,,,,,,,,,,,,,,,,,,,,,,,,,,,,,,,,,,,,,,,,,,,,,,
2016-10-01 00:00:00,-8.331962107894826e-13,14.219624878205977,27.495913247736326,7.585507270664743,16.261957121238705,0.5978172719538752,1.7944201176894445,9.999999999999982,3.8337929728881486,10.140011444172986,13.959939827646076,7.628167993333341,16.313937054808555,11.449964741929794,8.799172157676074,6.7945671698675465,13.535825932573715,2.995027138261472,5.309812514696849,6.007665521970042,-4.72079180171508,-4.645144576059385,2.3857169296411973,-6.654969897636994,-23.814157769201618,22.32591164255836,11.712536416735993,7.764848691401365,7.3381991425976825,53.254178430646434,13.870974038890463,-0.2351513085986196,-18.878103113985578,7.371681389023013,10.87750350782985,522.317779031239,584.6475617188385,491.8446471414581,535.1157091189108,548.9920713940234,903.769214808698,905.8911865560585,-2.1219717473603987,0.049795519249763595,62.32978268759884,50.94789764812367,11.381885039475568,-30.47313188978101,-23.880888247135523,-6.592243642645659,12.797930087671407,10.777596373319488,2.020333714351942,-48.95560916288095,-51.76401580122784,2.8084066383468884,-91.69931153029991,-104.61657697854156,12.91726544824164,143.50845252893225,-42.27571765011536,500.0364622311424,457.2927598637234,170.18274489171623,182.40274540875603,-12.220000517039313,7.764279489621478,1.939565323181478,-6.969316740973067,-10.684620108273135,-2.5403988405721845,5.056533709589486,1.7479752473851558,3.3085584622039996,-0.8735867846893357,-0.0034690289178099494,-0.8701177557714646,19.173333330000112,15.864774867795921,21.581394987235054,0.920833332999995,24.21733119277759,,,,,,,,,,,,,,,,,,,,,,,,,,,,,,,,,,,,,,,,,,,,,,,,,,,,
